bill_id,title,proposer,party,committee,propose_date,status,link,summary,core_change,impact_direction,impact_detail,affected_occ,affected_age,affected_social,affected_region,keywords,urgency,analyzed_at,parse_failed,benefited_groups,harmed_groups
PRC_G2E6C0D4C2C3K1J4J0H8I1G6H0P8N0,도시 및 주거환경정비법 일부개정법률안,김희정의원 등 10인,,,2026-06-10,,http://likms.assembly.go.kr/bill/billDetail.do?billId=PRC_G2E6C0D4C2C3K1J4J0H8I1G6H0P8N0&ageFrom=22&ageTo=22,"재건축 사업을 할 때 근처에 이미 큰 공원이 있다면, 새로운 공원을 만드는 대신 그만큼의 비용을 현금으로 내는 것을 허용하여 사업 효율성을 높이는 법안입니다.","정비구역 인근에 일정 규모 이상의 도시공원이나 녹지가 있는 경우, 공원 조성 의무를 현금 납부로 대체할 수 있도록 규정을 신설합니다.",positive,재건축 사업의 비용 부담을 줄이고 사업 추진 속도를 높이는 데 기여할 수 있습니다.,건설·생산 관련 관리직|법률·행정 전문직|공학 전문가 및 기술직,,자가소유자|대기업,서울|수도권|도심,재건축|도시공원|현금납부,,2026-06-11T13:05:24.434064,0,,
PRC_V2U6S0T4O2P7O1O3M3N9M5T7U5S2T0,자동차관리법 일부개정법률안,손명수의원 등 10인,,,2026-06-10,,http://likms.assembly.go.kr/bill/billDetail.do?billId=PRC_V2U6S0T4O2P7O1O3M3N9M5T7U5S2T0&ageFrom=22&ageTo=22,"렌터카나 리스 차량에 결함이 생겼을 때, 렌터카 업체도 제조사에 교환이나 환불을 요구할 수 있게 하고, 자동차 결함이 제조상 문제가 아니라는 것을 제조사가 직접 증명하도록 하여 이용자의 권리를 강화하는 법안입니다.","자동차대여사업자에게도 자동차 교환·환불 요청 권한을 부여하며, 결함과 제조상 결함 사이의 인과관계 입증 책임을 자동차 제조사가 부담하도록 합니다.",positive,"렌터카 및 리스 이용자의 권익이 보호되고, 결함 입증에 대한 소비자 및 사업자의 부담이 줄어듭니다.",판매·고객서비스 관리직|운송·여가 서비스직|공학 전문가 및 기술직|법률·행정 전문직,청년(19~34)|중장년(35~59)|노년(60+),중소기업,,자동차 교환·환불|렌터카 권리|입증책임 전환|소비자 보호,,2026-06-11T13:06:38.258633,0,,
PRC_I2J6H0I4G2O3P1N4N0M9M1L9T7T9S5,도시개발법 일부개정법률안,김희정의원 등 10인,,,2026-06-10,,http://likms.assembly.go.kr/bill/billDetail.do?billId=PRC_I2J6H0I4G2O3P1N4N0M9M1L9T7T9S5&ageFrom=22&ageTo=22,"도시개발 시 주변에 이미 공원이 충분하다면, 직접 녹지를 조성하는 대신 비용을 내는 방식으로 의무를 대신할 수 있게 하여 효율적인 개발과 주택 공급을 촉진하려는 법안입니다.","주변 지역에 녹지가 충분한 경우, 도시개발 시 공원·녹지 확보 의무를 현금 납부로 대체할 수 있도록 규정을 신설합니다.",mixed,"도시개발의 효율성과 주택 공급 확대에는 긍정적이나, 개발 구역 내 녹지 면적이 줄어들 우려가 있습니다.",건설·생산 관련 관리직|공학 전문가 및 기술직|법률·행정 전문직,청년(19~34)|중장년(35~59),자가소유자|중소기업|대기업,수도권|도심|지방중소도시,도시개발|공원녹지|주택공급|비용납부,,2026-06-11T13:07:36.970825,0,,
PRC_V2R6Q0A5A2H6F1E4N0M4I0R5R9L5U3,중소기업 인공지능 활용ㆍ확산 촉진에 관한 특별법안,이철규의원 등 11인,,,2026-06-10,,http://likms.assembly.go.kr/bill/billDetail.do?billId=PRC_V2R6Q0A5A2H6F1E4N0M4I0R5R9L5U3&ageFrom=22&ageTo=22,"중소기업과 소상공인이 인공지능(AI)을 쉽게 도입하고 활용할 수 있도록 정부가 자금, 기술, 데이터, 인력을 종합적으로 지원하는 법안입니다.","AI 도입에 필요한 금융·세제 혜택, 전문 인력 양성, 규제 개선 및 지역별 혁신 생태계 구축을 위한 체계적인 국가적 지원 근거를 마련합니다.",positive,중소기업의 AI 기술 격차를 해소하고 디지털 전환을 통한 경영 혁신과 경쟁력 강화를 기대할 수 있습니다.,공공·기업 고위직|과학 전문가 및 관련직|정보통신 전문가 및 기술직|공학 전문가 및 기술직|경영·금융 전문가 및 관련직|경영·회계 관련 사무직|기타 사무직,청년(19~34)|중장년(35~59),중소기업,수도권|비수도권|지방중소도시,중소기업|인공지능(AI)|디지털 전환|자금 지원|규제 개선,,2026-06-11T13:08:47.899325,0,,
PRC_E2E6D0D4C3C0A0J9J3H4I4G2H5F6N2,지방의회공제회법안,이광희의원 등 10인,,,2026-06-10,,http://likms.assembly.go.kr/bill/billDetail.do?billId=PRC_E2E6D0D4C3C0A0J9J3H4I4G2H5F6N2&ageFrom=22&ageTo=22,지방의원과 지방의회 사무직원의 생활 안정 및 복지 증진을 위해 별도의 '지방의회공제회'를 설립하여 독자적인 복지 체계를 구축하려는 법안입니다.,기존 대한지방행정공제회와 분리된 지방의회만의 독립적인 공제회를 설립하여 의원과 사무국 직원을 위한 맞춤형 복지 제도를 운영합니다.,positive,사회보장 사각지대에 놓인 지방의원과 사무직 공무원의 복지 혜택을 강화하고 지방의회의 독립성을 높일 수 있습니다.,법률·행정 전문직|기타 사무직,청년(19~34)|중장년(35~59)|노년(60+),,수도권|비수도권|농어촌|도심|지방중소도시,지방의회|공제회 설립|복지 증진,,2026-06-11T13:09:47.676235,0,,
PRC_F2F6D0E4M2K4L2J0K0I7J1E3F7E9C5,모자보건법 일부개정법률안,안철수의원 등 10인,,,2026-06-10,,http://likms.assembly.go.kr/bill/billDetail.do?billId=PRC_F2F6D0E4M2K4L2J0K0I7J1E3F7E9C5&ageFrom=22&ageTo=22,"임신 전 건강검진 비용 지원을 받기 위해 반드시 미리 신청해야 했던 불편함을 없애고, 검사를 먼저 받은 후 일정 기간 내에 신청하더라도 소급하여 지원받을 수 있도록 제도를 개선하는 내용입니다.","기존의 '사전 신청 필수' 원칙을 완화하여, 검사 후 일정 기간 이내라면 사후 신청 시에도 지원금을 받을 수 있게 됩니다.",positive,사전 신청을 놓쳐 혜택을 받지 못했던 사례를 방지하고 지원의 실효성을 높일 수 있습니다.,,청년(19~34)|중장년(35~59),여성|임신·육아,서울|수도권|비수도권|농어촌|도심|지방중소도시,임신 사전 건강관리|난임 지원|소급 적용,,2026-06-11T13:10:50.732160,0,,
PRC_G2F6F0N5N1M5K1L3J1K0S4S9R9P7P7,국가공무원법 일부개정법률안,이훈기의원 등 11인,,,2026-06-10,,http://likms.assembly.go.kr/bill/billDetail.do?billId=PRC_G2F6F0N5N1M5K1L3J1K0S4S9R9P7P7&ageFrom=22&ageTo=22,"성희롱·성폭력 사건을 심의하는 공무원 징계위원회에 관련 분야 전문가가 반드시 참여하도록 법으로 정하여, 더욱 전문적이고 공정한 징계가 이루어지도록 하는 법안입니다.","징계위원회 구성 시 성희롱·성폭력 전문가를 포함하도록 명시하고, 관련 사건 심의 시에는 해당 분야 전문가가 위원회의 과반수를 차지하도록 합니다.",positive,성비위 사건에 대한 전문성을 높여 2차 피해를 방지하고 공직 사회의 신뢰를 회복할 수 있습니다.,법률·행정 전문직,,여성,,공무원 징계|성비위 전문성|피해자 보호,,2026-06-11T13:11:46.762503,0,,
PRC_V2W6U0U5C1B5B1A3B0Z9Z0H5F5G8F0,의료·요양 등 지역 돌봄의 통합지원에 관한 법률 일부개정법률안,이훈기의원 등 10인,,,2026-06-10,,http://likms.assembly.go.kr/bill/billDetail.do?billId=PRC_V2W6U0U5C1B5B1A3B0Z9Z0H5F5G8F0&ageFrom=22&ageTo=22,"약을 여러 개 복용하는 어르신이나 장애인이 약을 안전하게 사용할 수 있도록, 약사가 단순히 사용법을 알려주는 것을 넘어 의약품의 적정한 사용과 지속적인 관리를 돕는 서비스를 제공할 수 있게 하는 내용입니다.",약사의 보건의료 서비스 범위를 단순 복약지도에서 의약품의 적정한 사용 및 지속적 관리 지원까지 확대합니다.,positive,다제약물 복용으로 인한 약물 오남용과 중복 처방 문제를 예방하여 의약품 안전관리를 강화할 수 있습니다.,보건 전문가 및 관련직|사회복지·종교 전문가 및 관련직|돌봄·보건 서비스직,중장년(35~59)|노년(60+),취약계층|장애인,,의약품 안전관리|다제약물 관리|복약지도 확대,,2026-06-11T13:12:51.125840,0,,
PRC_V2U6Q0P3M1U8S1W3W5T3B0A6Z0Y4H7,공공주택 특별법 일부개정법률안,문진석의원 등 12인,,,2026-06-10,,http://likms.assembly.go.kr/bill/billDetail.do?billId=PRC_V2U6Q0P3M1U8S1W3W5T3B0A6Z0Y4H7&ageFrom=22&ageTo=22,"주민들이 일정 비율 이상 동의하여 후보지 선정을 요청하면, 지자체장이 이를 거절하지 못하고 반드시 지정권자에게 신청하도록 하여 주민 의사를 사업에 반영하는 법안입니다.",지자체장의 재량이었던 복합지구 후보지 선정 요청 권한을 주민의 일정 비율 이상 요청 시 의무화로 변경합니다.,positive,주민의 참여권을 보장하고 지역 개발 과정의 투명성과 공정성을 높일 수 있습니다.,법률·행정 전문직,청년(19~34)|중장년(35~59)|노년(60+),세입자|자가소유자,서울|수도권|도심,주민 참여|공공주택|복합지구,,2026-06-11T13:13:53.296450,0,,
PRC_J2H6G0G5C1D1B1Z3A5Y3Z0H3H7G2E6,전기사업법 일부개정법률안,정진욱의원 등 11인,,,2026-06-10,,http://likms.assembly.go.kr/bill/billDetail.do?billId=PRC_J2H6G0G5C1D1B1Z3A5Y3Z0H3H7G2E6&ageFrom=22&ageTo=22,"산업위기 지역의 철강 및 석유화학 기업을 위해 전기요금 부담을 줄여주고, 전력산업기반기금 면제 혜택을 제공하여 지역 경제와 일자리를 보호하려는 법안입니다.",산업위기 대응 지역 내 철강·석유화학 기업에 대해 전기요금 감면 약관 도입과 전력산업기반기금 부담금 면제 근거를 마련합니다.,positive,에너지 다소비 업종의 비용 부담을 낮춰 기업 경쟁력을 유지하고 지역 경제 침체를 방지하는 데 도움이 됩니다.,화학 관련 장치·기계 조작직|금속·비금속 장치·기계 조작직|제조 관련 단순 노무직,,중소기업,비수도권|지방중소도시,전기요금 감면|산업위기 지역|철강·석유화학 산업,,2026-06-11T13:14:58.571529,0,,
PRC_Q2R6Q0O5O0M4O0J9K2I8G2H5F3G1O8,도시형소공인 지원에 관한 특별법 일부개정법률안,오세희의원 등 11인,,,2026-06-10,,http://likms.assembly.go.kr/bill/billDetail.do?billId=PRC_Q2R6Q0O5O0M4O0J9K2I8G2H5F3G1O8&ageFrom=22&ageTo=22,"디지털 전환과 산업 환경 변화에 맞춰 도시형 소공인을 체계적으로 지원하기 위한 법안입니다. 제조 데이터 활용, 경영 안정 지원, 생산 공정 개선 등을 통해 소규모 제조업의 경쟁력을 높이고 지속 가능한 성장 기반을 마련하고자 합니다.","제조 데이터의 개념을 명문화하고, 소공인 집적지구 전당기관 지정 및 공정 개선 지원 등 구체적인 정책 추진 근거를 신설합니다.",positive,"소규모 제조업체의 디지털 전환과 경영 안정, 기술 경쟁력 강화를 위한 법적·제도적 기반이 강화됩니다.",금속 성형 관련 기능직|섬유·의복·가죽 관련 기능직|목재·가구·악기 관련 기능직|기계 제조 장치·기계 조작직|전기·전자 장치·기계 조작직|식품가공 관련 기능직|기타 기능직,청년(19~34)|중장년(35~59),중소기업,도심|수도권|비수도권,제조데이터|디지털전환|도시형소공인,,2026-06-11T13:16:27.752909,0,,
PRC_E2F6D0L5M0K6L1J6K0I9I2Q9P5P8O0,조세특례제한법 일부개정법률안,문진석의원 등 10인,,,2026-06-10,,http://likms.assembly.go.kr/bill/billDetail.do?billId=PRC_E2F6D0L5M0K6L1J6K0I9I2Q9P5P8O0&ageFrom=22&ageTo=22,"공익사업으로 인해 토지를 내놓는 대신 건물이나 다른 토지로 보상받을 때, 양도소득세를 깎아주거나 나중에 내도록 하는 세금 혜택의 범위를 넓히고 그 기간을 3년 더 연장하는 내용입니다.","대토보상 세액 감면 대상을 기존 토지에서 건축물 등으로 확대하고, 해당 특례의 일몰 기한을 3년 연장합니다.",positive,공익사업 보상 대상자가 받을 수 있는 양도소득세 감면 혜택이 확대되어 세금 부담이 경감됩니다.,농업 숙련직|임업 숙련직|어업 숙련직,중장년(35~59)|노년(60+),자가소유자,수도권|비수도권|농어촌|도심|지방중소도시,대토보상|양도소득세 감면|공익사업|세액감면 연장,,2026-06-11T13:17:37.485311,0,,
PRC_T2S6S0R3N3M1K1L7K5S9Q1P6Q8O3W6,지방자치분권 및 균형성장에 관한 특별법 일부개정법률안,박정현의원 등 10인,,,2026-06-10,,http://likms.assembly.go.kr/bill/billDetail.do?billId=PRC_T2S6S0R3N3M1K1L7K5S9Q1P6Q8O3W6&ageFrom=22&ageTo=22,"혁신도시로 지정되었으나 아직 공공기관이 들어오지 않은 지역에, 향후 이전할 공공기관을 우선적으로 배치하여 지역 균형 발전을 촉진하려는 법안입니다.",혁신도시 지정 후 5년 동안 공공기관이 이전하지 않은 지역에 대해 공공기관 이전을 우선적으로 추진하도록 규정합니다.,positive,공공기관의 지방 이전을 가속화하여 비수도권 지역의 경제 활성화와 균형 발전에 기여할 수 있습니다.,공공·기업 고위직|행정·경영지원 관리직|전문서비스 관리직|법률·행정 전문직|경영·회계 관련 사무직|기타 사무직,청년(19~34)|중장년(35~59),중소기업,비수도권|지방중소도시,공공기관 이전|혁신도시|지역 균형 발전,,2026-06-11T13:18:32.931018,0,,
PRC_N2W6W0U5T1U5S1S2A5B8Z4Y4Y4W4X2,코로나바이러스감염증-19 예방접종 피해보상 등에 관한 특별법 일부개정법률안,나경원의원 등 32인,,,2026-06-10,,http://likms.assembly.go.kr/bill/billDetail.do?billId=PRC_N2W6W0U5T1U5S1S2A5B8Z4Y4Y4W4X2&ageFrom=22&ageTo=22,"코로나19 백신 접종 후 부작용을 겪는 분들을 위해, 단순 의료비 지원을 넘어 생활·교육·취업 등 종합적인 지원을 제공하고 인과관계 인정 기준을 완화하여 더 실질적인 보상을 받을 수 있도록 하는 법안입니다.","백신 부작용 피해자에 대한 지원 범위를 보훈 대상자 수준으로 확대하고, 기저질환이나 자료 부족을 이유로 인과관계가 부정되지 않도록 기준을 명확히 합니다.",positive,부작용 피해자의 입증 책임을 완화하고 지원 체계를 넓혀 실질적인 구제 가능성을 높입니다.,,아동(0~12)|청소년(13~18)|청년(19~34)|중장년(35~59)|노년(60+),취약계층|장애인,서울|수도권|비수도권|농어촌|도심|지방중소도시,코로나19 백신|부작용 보상|생활지원금,,2026-06-11T13:20:02.509071,0,,
PRC_N2O6W0W4V1T6U1S4T0B9Z4A0Y1Z1X3,관광진흥법 일부개정법률안,이춘석의원 등 10인,,,2026-06-10,,http://likms.assembly.go.kr/bill/billDetail.do?billId=PRC_N2O6W0W4V1T6U1S4T0B9Z4A0Y1Z1X3&ageFrom=22&ageTo=22,성수기나 대규모 행사 시 숙박업자가 가격을 과도하게 올리거나 예약을 일방적으로 취소하는 불공정 행위를 막기 위한 법안입니다. 숙박 요금 신고를 의무화하고 부당한 예약 취소 시 제재 근거를 마련하여 관광객의 권익을 보호합니다.,"관광숙박업자의 요금 사전 신고 및 게시 의무를 신설하고, 정당한 사유 없는 예약 취소나 부정 판매에 대한 행정처분 근거를 마련합니다.",positive,숙박 요금의 투명성을 높이고 부당한 예약 취소로부터 관광객을 보호할 수 있습니다.,판매·고객서비스 관리직|운송·여가 서비스직,아동(0~12)|청소년(13~18)|청년(19~34)|중장년(35~59)|노년(60+),중소기업,수도권|비수도권|도심|지방중소도시,관광숙박업|숙박요금|예약취소|불공정행위|관광객보호,,2026-06-11T13:21:18.127761,0,,
PRC_G2H6P0O3S3A1B1A1Y1X5F5E2D0D4C8,이러닝(전자학습)산업 발전 및 이러닝 활용 촉진에 관한 법률 전부개정법률안,정진욱의원 등 15인,,,2026-06-10,,http://likms.assembly.go.kr/bill/billDetail.do?billId=PRC_G2H6P0O3S3A1B1A1Y1X5F5E2D0D4C8&ageFrom=22&ageTo=22,"기존의 이러닝 산업법을 '에듀테크산업 진흥법'으로 확대 개편하여, AI와 빅데이터 등 첨단 기술이 접목된 에듀테크 산업을 체계적으로 육성하고 교육의 질을 높이려는 법안입니다.","기존 이러닝 중심의 법적 범위를 AI, VR/AR 등 첨단 정보통신기술이 포함된 에듀테크 산업 전반으로 확대하고 관련 지원 체계를 구축합니다.",positive,첨단 기술 기반의 교육 서비스 발전을 통해 산업 경쟁력을 강화하고 학습자에게 양질의 맞춤형 교육 기회를 제공할 수 있습니다.,과학 전문가 및 관련직|정보통신 전문가 및 기술직|공학 전문가 및 기술직|교육 전문가 및 관련직|경영·금융 전문가 및 관련직,아동(0~12)|청소년(13~18)|청년(19~34),중소기업|학부모|장애인,수도권|비수도권|도심,에듀테크|첨단기술교육|산업진흥,,2026-06-11T13:22:27.525297,0,,
PRC_R2R6N0K5U2R2Q1Y0V4V1D3C2B4H6F0,대부업 등의 등록 및 금융이용자 보호에 관한 법률 일부개정법률안,김영환의원 등 13인,,,2026-06-10,,http://likms.assembly.go.kr/bill/billDetail.do?billId=PRC_R2R6N0K5U2R2Q1Y0V4V1D3C2B4H6F0&ageFrom=22&ageTo=22,"법정 최고이자율을 넘는 고금리 계약이나 불법 사금융업자와의 대출 계약 전체를 무효로 만들어, 서민들의 과도한 채무 부담을 막고 불법 대부업을 근절하려는 법안입니다.","최고이자율 초과 시 이자뿐만 아니라 대출 계약 전체를 무효화하고, 불법 사금융업자와의 계약 자체도 무효로 규정합니다.",positive,불법 고금리 대출의 수익 구조를 차단하여 채무자의 원금 상환 부담을 줄이고 금융 질서를 바로잡을 수 있습니다.,영업직|판매직|운전·운송 관련직|가사·음식·판매 단순 노무직|청소·경비 단순 노무직,청년(19~34)|중장년(35~59)|노년(60+),취약계층|저소득층|1인가구,서울|수도권|비수도권|농어촌|도심|지방중소도시,고금리 대출|불법 사금융|계약 무효|채무자 보호,,2026-06-11T13:23:42.989324,0,,
PRC_C2Z6Y0O5I2H7G1F2N4M4J3R7J9G3F6,고용보험법 일부개정법률안,박홍배의원 등 14인,,,2026-06-10,,http://likms.assembly.go.kr/bill/billDetail.do?billId=PRC_C2Z6Y0O5I2H7G1F2N4M4J3R7J9G3F6&ageFrom=22&ageTo=22,"스스로 직장을 그만둔 청년들이 생애 딱 한 번은 실업급여를 받을 수 있도록 하여, 자신에게 더 잘 맞는 일자리를 찾을 수 있게 도와주는 법안입니다.",자발적 이직을 한 청년 피보험자에 대해 생애 1회에 한해 구직급여 수급 자격을 확대합니다.,positive,청년들의 원활한 직업 탐색과 노동시장 이동을 지원하여 재취업의 안정성을 높입니다.,경영·회계 관련 사무직|기타 사무직|영업직|판매직|전문서비스 관리직,청년(19~34),,,고용보험|실업급여|청년지원|자발적 이직,,2026-06-11T13:25:04.951365,0,,
PRC_Y2F6D0D6L0K2J1K6J3I6H5P9M3L4T4,대한민국과 미합중국 간의 범죄 예방과 대처를 위한 협력 증진에 관한 협정의 이행에 관한 특별법안,김건의원 등 11인,,,2026-06-10,,http://likms.assembly.go.kr/bill/billDetail.do?billId=PRC_Y2F6D0D6L0K2J1K6J3I6H5P9M3L4T4&ageFrom=22&ageTo=22,"한미 양국이 범죄 예방을 위해 성명, 지문 등 형사 개인정보를 실시간으로 교환할 수 있는 법적 근거와 절차를 마련하는 법안입니다. 이를 통해 테러 및 강력범죄에 공동 대응하고 미국의 비자 면제 혜택을 안정적으로 유지하고자 합니다.","한미 간 범죄 정보(성명, 지문 등)의 실시간 교환을 위한 전산 시스템 구축과 정보 제공 범위 및 관리 절차를 구체화합니다.",positive,"강력범죄 및 테러에 대한 국제적 대응력을 높이고, 미국의 비자 면제 프로그램 지위를 안정적으로 유지할 수 있습니다.",경찰·소방·보안 서비스직|법률·행정 전문직|정보통신 전문가 및 기술직,,,서울|수도권|비수도권|농어촌|도심|지방중소도시,한미협력|범죄예방|정보교환|비자면제프로그램|테러대응,,2026-06-11T13:26:22.715279,0,,
PRC_N2V6V0R5C2B2A1Z0H4E0D2Z2Y9X3F7,농어촌구조개선 특별회계법 일부개정법률안,김영환의원 등 16인,,,2026-06-10,,http://likms.assembly.go.kr/bill/billDetail.do?billId=PRC_N2V6V0R5C2B2A1Z0H4E0D2Z2Y9X3F7&ageFrom=22&ageTo=22,"농어촌 인구 감소와 지역 소멸 위기에 대응하기 위해, 농림어업인에게 기본소득을 지원할 수 있는 법적 근거를 마련하여 이들의 최소 생활을 보장하고 농어촌의 활력을 높이려는 법안입니다.",농어촌특별세 재원을 활용하는 사업 범위에 농림어업인의 기초생활 보장을 위한 기본소득 지원을 명시적으로 포함합니다.,positive,농림어업인의 소득 안정을 통해 경제적 어려움을 완화하고 농어촌 공동체의 지속 가능성을 높일 수 있습니다.,농업 숙련직|임업 숙린직|어업 숙련직,청년(19~34)|중장년(35~59)|노년(60+),취약계층|저소득층,비수도권|농어촌,농어촌특별세|기본소득|농림어업인|지방소멸,,2026-06-11T13:27:24.034967,0,,
PRC_W2C6A0Z5G2F7E1M2J4I8Q4O7N2K6T1,채용절차의 공정화에 관한 법률 일부개정법률안,박홍배의원 등 13인,,,2026-06-10,,http://likms.assembly.go.kr/bill/billDetail.do?billId=PRC_W2C6A0Z5G2F7E1M2J4I8Q4O7N2K6T1&ageFrom=22&ageTo=22,"채용이 확정된 구직자에게 임금, 직무 내용, 취업규칙 등 주요 근로조건을 3일 이내에 미리 알려주도록 하여, 입사 전후의 정보 불균형과 갈등을 줄이고 공정한 계약을 돕는 법안입니다.","채용 확정 후 3일 이내에 임금, 직무 예정 내용, 취업규칙 주요 사항 등 근로계약 관련 내용을 구직자에게 의무적으로 통보해야 합니다.",positive,구직자가 입사 전 근로조건을 명확히 인지할 수 있어 정보 비대칭을 해소하고 채용 후 발생할 수 있는 분쟁을 예방할 수 있습니다.,경영·회계 관련 사무직|기타 사무직|영업직|판매직|정보통신 전문가 및 기술직|법률·행정 전문직|경영·금융 전문가 및 관련직,청년(19~34)|중장년(35~59),취약계층|중소기업|대기업,서울|수도권|비수도권|도심|지방중소도시,채용절차|근로조건|임금공개|구직자 권익보호,,2026-06-11T13:28:24.461143,0,,
PRC_R2Q6Y0V5U2F2E1D0C4I2H1G1C4B1J6,이자제한법 일부개정법률안,김영환의원 등 13인,,,2026-06-10,,http://likms.assembly.go.kr/bill/billDetail.do?billId=PRC_R2Q6Y0V5U2F2E1D0C4I2H1G1C4B1J6&ageFrom=22&ageTo=22,"법정 최고이자율을 넘는 고금리 대출 계약 시, 이자뿐만 아니라 원금 상환 의무까지 모두 없애고 채권자를 처벌하여 불법 사채를 근절하려는 법안입니다.","최고이자율 초과 시 이자 약정만 무효였던 기존 방식에서, 대출 계약 전체를 무효로 하여 원금 반환 의무까지 소멸시키고 채권자를 처벌하도록 변경합니다.",positive,불법 고리대금업자의 원금 회수 권리를 박탈함으로써 불법 사채 시장을 억제하고 채무자를 보호할 수 있습니다.,경영·금융 전문가 및 관련직|금융 사무직,청년(19~34)|중장년(35~59)|노년(60+),취약계층|저소득층|1인가구,수도권|비수도권|도심|지방중소도시,최고이자율|불법사채|계약무효|원금반환의무소멸|고리대금근절,,2026-06-11T13:29:26.447147,0,,
PRC_X2D6C0K3K1H7P1N6N2M8U5S8Q2N3W4,에너지법 일부개정법률안,백선희의원 등 11인,,,2026-06-10,,http://likms.assembly.go.kr/bill/billDetail.do?billId=PRC_X2D6C0K3K1H7P1N6N2M8U5S8Q2N3W4&ageFrom=22&ageTo=22,"LPG나 등유를 사용하는 다자녀 가구도 전기·도시가스처럼 에너지 복지 혜택을 받을 수 있도록 법적 근거를 마련하여, 에너지원 종류에 따른 지원 격차를 줄이고 가계 부담을 덜어주는 내용입니다.",에너지 복지 사업 및 에너지 이용권 발급 대상에 다자녀 가구를 명시적으로 포함시켜 LPG나 등유 사용 가구도 지원받을 수 있게 합니다.,positive,에너지원별 복지 격차를 해소하고 다자녀 가구의 에너지 비용 부담을 완화합니다.,,아동(0~12)|청소년(13~18)|청년(19~34)|중장년(35~59),임신·육아,비수도권|농어촌|지방중소도시,다자녀가구|에너지복지|에너지이용권,,2026-06-11T13:30:22.621964,0,,
PRC_J2H6I0H3O1P2N1O0M3N0L5M4T8U5T6,조세특례제한법 일부개정법률안,박대출의원 등 11인,,,2026-06-10,,http://likms.assembly.go.kr/bill/billDetail.do?billId=PRC_J2H6I0H3O1P2N1O0M3N0L5M4T8U5T6&ageFrom=22&ageTo=22,공익사업으로 인해 공장을 옮겨야 하는 기업의 세금 부담을 줄여주는 혜택의 종료 기한을 2026년에서 2029년까지 3년 더 연장하는 내용입니다.,공익사업 시행에 따른 공장 이전 시 적용되는 양도소득세 등의 세금 감면 특례 일몰 기한을 2026년 12월 31일에서 2029년 12월 31일로 3년 연장합니다.,positive,공장 이전을 해야 하는 기업들의 세금 부담을 계속 유지해줌으로써 경영 안정과 원활한 공익사업 수행을 돕습니다.,건설·생산 관련 관리직|경영·회계 관련 사무직,,중소기업,비수도권|농어촌|지방중소도시,공장 이전|세금 감면|일몰 연장|양도소득세,,2026-06-11T13:31:28.595442,0,,
PRC_A2I5J0H9I2G5F1F0B5B6Z5A4Z4Z2X2,응급의료에 관한 법률 일부개정법률안,허영의원 등 10인,,,2026-06-10,,http://likms.assembly.go.kr/bill/billDetail.do?billId=PRC_A2I5J0H9I2G5F1F0B5B6Z5A4Z4Z2X2&ageFrom=22&ageTo=22,응급환자를 이송할 때 병원이 환자 수용을 거부할 수 있는 '정당한 사유'를 법에 구체적으로 명시하는 내용입니다. 이를 통해 병원의 자의적인 진료 거부를 막고 응급환자가 더 신속하게 치료받을 수 있도록 합니다.,모호했던 응급의료 거부의 '정당한 사유'를 법률에 구체적으로 명시하여 판단 기준을 명확히 합니다.,positive,응급환자가 병원으로부터 부당하게 진료를 거부당하는 일을 방지하고 신속한 의료 서비스를 받을 수 있게 합니다.,보건 전문가 및 관련직|경찰·소방·보안 서비스직|돌봄·보건 서비스직,아동(0~12)|청소년(13~18)|청년(19~34)|중장년(35~59)|노년(60+),취약계층|장애인,서울|수도권|비수도권|농어촌|도심|지방중소도시,응급의료|진료거부 방지|정당한 사유,,2026-06-11T13:32:33.264426,0,,
PRC_Z2U6T0T4S0S7R1R3Z2A1Y5W3X7W6W9,취업 후 학자금 상환 특별법 일부개정법률안,조정훈의원 등 12인,,,2026-06-09,,http://likms.assembly.go.kr/bill/billDetail.do?billId=PRC_Z2U6T0T4S0S7R1R3Z2A1Y5W3X7W6W9&ageFrom=22&ageTo=22,대학 소재지와 관계없이 소득 기준(중위소득 200% 이하)을 충족하는 대학생이라면 모두 학자금 대출 이자를 면제받을 수 있도록 범위를 확대합니다.,비수도권 대학생에게만 적용되던 소득 기반 이자 면제 혜택을 수도권 대학생까지 확대하여 지역 간 차별을 해소하고자 합니다.,positive,수도권 저소득층 대학생의 경제적 부담을 완화하고 교육 기회의 형평성을 제고합니다.,,청년(19~34),저소득층|취약계층,수도권|비수도권,학자금 대출|이자 면제|교육 형평성,,2026-06-11T13:33:19.530301,0,,
PRC_V2U6T0Z6Z0F8F1D3C1B8K1G4G3P8F2,도로교통법 일부개정법률안,김기웅의원 등 10인,,,2026-06-09,,http://likms.assembly.go.kr/bill/billDetail.do?billId=PRC_V2U6T0Z6Z0F8F1D3C1B8K1G4G3P8F2&ageFrom=22&ageTo=22,"가스 누출이나 전기 사고 등 긴급 상황 시, 공익사업자(가스·전기 등)의 응급 작업 차량도 소방차나 구급차처럼 주정차 금지 예외 혜택을 받아 신속하게 현장에 도착할 수 있도록 하는 법안입니다.","전기·가스 등 공익사업자의 응급작업 차량을 법률상 '긴급자동차'로 상향하여, 소방차와 같은 주정차 특례를 적용받게 합니다.",positive,공익사업자 차량의 현장 접근성을 높여 가스 누출이나 정전 등 안전사고에 대한 초기 대응 역량을 강화할 수 있습니다.,공학 전문가 및 기술직|전기·전자 관련 기능직|운전·운송 관련직,아동(0~12)|청소년(13~18)|청년(19~34)|중장년(35~59)|노년(60+),취약계층|1인가구,도심|지방중소도시|농어촌,긴급자동차|공익사업자|안전사고 대응,,2026-06-11T13:34:54.113035,0,,
PRC_T2S6A0Z6Y0X9T1S3R0X8W0V3U6C8B2,감염병의 예방 및 관리에 관한 법률 일부개정법률안,이수진의원 등 10인,,,2026-06-09,,http://likms.assembly.go.kr/bill/billDetail.do?billId=PRC_T2S6A0Z6Y0X9T1S3R0X8W0V3U6C8B2&ageFrom=22&ageTo=22,"감염병 재난 발생 시 질병관리청이 운영하는 '중앙방역대책본부'의 설치와 운영에 대한 법적 근거를 명확히 하여, 보다 체계적인 방역 대응 체계를 구축하려는 법안입니다.",질병관리청의 중앙방역대책본부 설치 및 운영에 관한 법적 근거를 '감염병예방법'에 신설하여 비상대책기구로서의 역할을 명확히 합니다.,positive,감염병 재난 시 방역 대응 체계의 법적 근거를 마련하여 보다 신속하고 체계적인 국가 대응이 가능해집니다.,공공·기업 고위직|행정·경영지원 관리직|보건 전문가 및 관련직|법률·행정 전문직,아동(0~12)|청소년(13~18)|청년(19~34)|중장년(35~59)|노년(60+),취약계층|장애인|다문화가정,서울|수도권|비수도권|농어촌|도심|지방중소도시,감염병예방법|중앙방역대책본부|질병관리청|방역체계,,2026-06-11T13:36:21.707865,0,,
PRC_D2V6Z0Y6K0T9U1K5C3G0I5H7I0G6X5,제9회 전국동시지방선거 선거 부정 및 국민 참정권 침해 의혹 진상규명을 위한 특별검사 임명 등에 관한 법률안,유상범의원 등 110인,,,2026-06-09,,http://likms.assembly.go.kr/bill/billDetail.do?billId=PRC_D2V6Z0Y6K0T9U1K5C3G0I5H7I0G6X5&ageFrom=22&ageTo=22,"2026년 지방선거 과정에서 제기된 투표용지 부족, 선거 부정 의혹 및 참정권 침해 논란을 해결하기 위해 독립적인 특별검사를 임명하여 진상을 철저히 규명하고자 하는 법안입니다.","기존 수사기관의 한계를 넘어 독립적 지위를 가진 특별검사를 임명하고, 대규모 수사 인력을 투입하여 선거 관리 전반의 의혹을 집중 조사하는 체계를 마련합니다.",positive,선거 부정 의혹에 대한 철저한 조사를 통해 선거 관리 시스템의 투명성을 높이고 국민적 신뢰를 회복할 수 있습니다.,공공·기업 고위직|법률·행정 전문직|경찰·소방·보안 서비스직|기타 사무직,청년(19~34)|중장년(35~59)|노년(60+),,서울|수도권|비수도권|농어촌|도심|지방중소도시,특별검사|선거부정|참정권침해,,2026-06-11T13:37:42.877081,0,,
PRC_P2P6X0Y4W2U3V1U8U1C6A2B3Z2A5Y6,국회법 일부개정법률안,박균택의원 등 37인,,,2026-06-09,,http://likms.assembly.go.kr/bill/billDetail.do?billId=PRC_P2P6X0Y4W2U3V1U8U1C6A2B3Z2A5Y6&ageFrom=22&ageTo=22,"국회 위원회에서 안건을 심사할 때, 이미 서류에 설명이 충분히 적혀 있다면 대표 의원의 요청에 따라 별도의 제안 설명을 생략할 수 있도록 하여 국회 운영의 효율성을 높이고 종이 사용을 줄이는 내용입니다.","대표발의의원이 요청하는 경우, 위원회 안건 심사 시 제안설명 절차를 생략할 수 있도록 합니다.",positive,불필요한 중복 절차를 줄여 국회 운영의 효율성을 높이고 종이 없는 환경을 조성하는 데 긍정적입니다.,법률·행정 전문직,,,,국회 운영 효율화|제안설명 생략|종이 없는 국회,,2026-06-11T13:38:33.485862,0,,
PRC_A2Y6Z0Y4W2W4E1F4D1E0C3B7B3J0J2,국민연금법 일부개정법률안,백혜련의원 등 10인,,,2026-06-09,,http://likms.assembly.go.kr/bill/billDetail.do?billId=PRC_A2Y6Z0Y4W2W4E1F4D1E0C3B7B3J0J2&ageFrom=22&ageTo=22,"저출산과 고령화로 인해 국민연금 재정이 불안해질 것에 대비하여, 연금 기금을 운용할 때 인구 구조 변화를 고려하고 전문 위원회를 설치해 연금의 장기적인 안정성을 높이려는 법안입니다.","연금 기금의 증권 매매 시 인구 구조 변화가 미치는 영향을 고려하도록 하고, 이를 전담할 '인구투자전문위원회'를 신설합니다.",positive,인구 구조 변화에 선제적으로 대응함으로써 국민연금 기금의 장기적인 재정 안정성을 확보할 수 있습니다.,경영·금융 전문가 및 관련직|법률·행정 전문직|공공·기업 고위직,아동(0~12)|청소년(13~18)|청년(19~34)|중장년(35~59)|노년(60+),취약계층|저소득층|1인가구,,국민연금|인구구조 변화|재정 안정성,,2026-06-11T13:39:35.054059,0,,
PRC_W2U6U0S5B0B4Z1A1Y0Z6X3T5U8S3T5,장애인 등에 대한 특수교육법 일부개정법률안,김재섭의원 등 10인,,,2026-06-09,,http://likms.assembly.go.kr/bill/billDetail.do?billId=PRC_W2U6U0S5B0B4Z1A1Y0Z6X3T5U8S3T5&ageFrom=22&ageTo=22,"특수학급이 없다는 이유로 장애 학생의 입학을 거부하는 것을 차별로 규정하고, 특수학급 미설치로 인해 입학을 제한하는 행위를 처벌하여 장애 학생의 교육권을 보장하려는 법안입니다.","특수학급 미설치로 인한 입학 제한을 차별로 명시하고, 이를 위반하여 입학을 제한한 자에 대한 처벌 규정을 신설합니다.",positive,장애 학생의 교육 기회를 확대하고 학교의 특수학급 설치 의무를 실효성 있게 강제할 수 있습니다.,교육 전문가 및 관련직|법률·행정 전문직|사회복지·종교 전문가 및 관련직,아동(0~12)|청소년(13~18),장애인|취약계층|학부모,서울|수도권|비수도권|농어촌|도심|지방중소도시,특수교육|차별 금지|교육권 보장,,2026-06-11T13:40:32.230274,0,,
PRC_D2D6C0A5B0Z8A1V1W0V7T5T7R8T0A5,농어촌 전기공급사업 촉진법 일부개정법률안,박해철의원 등 11인,,,2026-06-09,,http://likms.assembly.go.kr/bill/billDetail.do?billId=PRC_D2D6C0A5B0Z8A1V1W0V7T5T7R8T0A5&ageFrom=22&ageTo=22,"전기가 잘 공급되지 않는 섬이나 산간 지역의 자가발전 시설 운영비를 국가 기금(전력산업기반기금)에서 100% 지원하여, 전력 공급을 안정화하고 에너지 복지를 강화하려는 법안입니다.","기존에는 한전이 일부 비용을 부담해야 했으나, 앞으로는 전력산업기반기금에서 비용 전액을 지원하도록 하여 전기 사업자의 부담을 줄이고 공급 안정성을 높입니다.",positive,도서·벽지 지역의 안정적인 전력 공급과 에너지 복지 증진에 기여합니다.,공공·기업 고위직|행정·경영지원 관리직|전기·전자 관련 기능직,중장년(35~59)|노년(60+),취약계층|저소득층,비수도권,전력산업기반기금|에너지 복지|도서·벽지 전력공급,,2026-06-11T13:41:42.917091,0,,
PRC_Y2H6G0F5N2M0L1R5Q5P9K4J9I3R0A5,조세특례제한법 일부개정법률안,김상훈의원 등 13인,,,2026-06-09,,http://likms.assembly.go.kr/bill/billDetail.do?billId=PRC_Y2H6G0F5N2M0L1R5Q5P9K4J9I3R0A5&ageFrom=22&ageTo=22,"국내 상장주식에 60% 이상 투자하는 펀드에 대해 소득공제 혜택을 주고, 배당금 세금 부담을 낮춰 국내 주식시장으로의 자금 유입을 유도하는 법안입니다.","국내 상장주식 비중이 높은 펀드 투자 시 최대 3억 원 한도의 소득공제를 신설하고, 고배당 펀드의 배당소득에 대해 분리과세 및 종합과세 제외 혜택을 제공합니다.",positive,주식 투자자에게 세제 혜택을 제공하여 자산 형성을 지원하고 국내 증시 활성화를 도모할 수 있습니다.,경영·금융 전문가 및 관련직|금융 사무직|경영·회계 관련 사무직|기타 사무직,청년(19~34)|중장년(35~59)|노년(60+),대기업,서울|수도권|도심,소득공제|배당소득세|국내주식투자,,2026-06-11T13:42:51.333297,0,,
PRC_J2H6I0G5H0O8P1O1M0M7L2L6H5G3G4,분산에너지 활성화 특별법 일부개정법률안,박해철의원 등 10인,,,2026-06-09,,http://likms.assembly.go.kr/bill/billDetail.do?billId=PRC_J2H6I0G5H0O8P1O1M0M7L2L6H5G3G4&ageFrom=22&ageTo=22,"전기요금을 결정할 때 송전 거리나 전력 자급률 같은 구체적인 기준을 도입하여, 지역별로 합리적인 요금 체계를 만들고 지역 균형 발전을 돕고자 하는 법안입니다.","전기요금 차등 산정 시 송전·배전 거리, 전력 자급률, 분산에너지 사용률 등 객관적인 기준을 명시하여 요금 결정의 투명성을 높입니다.",positive,구체적인 요금 산정 기준을 통해 지역별 전력 상황을 반영한 합리적 요금제를 구축하고 지역 균형 발전을 유도할 수 있습니다.,공학 전문가 및 기술직|전기·전자 관련 기능직|제조 관련 단순 노무직,,중소기업|대기업,수도권|비수도권|농어촌|지방중소도시,전기요금 차등제|지역 균형 발전|분산에너지,,2026-06-11T13:43:49.657536,0,,
PRC_G2E6M0N5L0L8K1K1J0J6R2P0Q2P5P1,전기사업법 일부개정법률안,박해철의원 등 10인,,,2026-06-09,,http://likms.assembly.go.kr/bill/billDetail.do?billId=PRC_G2E6M0N5L0L8K1K1J0J6R2P0Q2P5P1&ageFrom=22&ageTo=22,"지역에서 생산된 전기를 지역에서 소비하도록 유도하여, 지역별로 전기 요금을 다르게 책정할 수 있는 근거를 마련함으로써 국가의 지역 균형 발전을 돕는 법안입니다.","전기 판매 사업자가 송배전 비용 등을 고려해 지역마다 다른 전기 요금을 정할 수 있게 하고, 전력수급계획 수립 시 분산에너지 활성화 계획을 반영하도록 합니다.",mixed,"에너지 자립도가 높은 지역은 유리할 수 있으나, 송전 비용 부담이 큰 지역은 전기 요금이 인상될 가능성이 있습니다.",공학 전문가 및 기술직|전기·전자 관련 기능직|경영·회계 관련 사무직,,중소기업|대기업,수도권|비수도권|농어촌,지역별 전기요금|분산에너지|지역 균형발전,,2026-06-11T13:44:48.430535,0,,
PRC_K2I6J0H4F2G7O1O6N1N7M1M9L0S7T3,노동조합 및 노동관계조정법 일부개정법률안,이종배의원 등 11인,,,2026-06-09,,http://likms.assembly.go.kr/bill/billDetail.do?billId=PRC_K2I6J0H4F2G7O1O6N1N7M1M9L0S7T3&ageFrom=22&ageTo=22,"파업 중이라도 폭력이나 점거 등으로 인해 시민의 안전이 위험해지거나 사업장 운영에 큰 차질이 생길 경우, 사용자가 긴급 조정을 신청하여 한시적으로 대체 인력을 쓰거나 업무를 맡길 수 있게 하는 법안입니다.","파업 시 원칙적으로 금지되었던 대체 인력 채용 및 도급을, 중앙노동위원회의 긴급 조정 기간 동안에 한해 허용하도록 변경합니다.",mixed,"기업의 사업 운영 안정성과 시민 안전 확보에는 도움이 되나, 노동자의 쟁의권과 단체 행동력이 약화될 우려가 있습니다.",공공·기업 고위직|행정·경영지원 관리직|경영·회계 관련 사무직|제조 관련 단순 노무직|운전·운송 관련직|건설·광업 관련 기능직|기타 기능직,청년(19~34)|중장년(35~59)|노년(60+),중소기업|대기업,수도권|비수도권|도심|지방중소도시,대체인력|긴급조정|쟁의행위|노동법 개정,,2026-06-11T13:45:40.100963,0,,
PRC_H2I6G0H4G1E0E1N5N0L8M5L0J2J5F8,지방세특례제한법 일부개정법률안,김주영의원 등 10인,,,2026-06-09,,http://likms.assembly.go.kr/bill/billDetail.do?billId=PRC_H2I6G0H4G1E0E1N5N0L8M5L0J2J5F8&ageFrom=22&ageTo=22,수도권 외 지역에서 창업하는 중소기업과 벤처기업에 대해 취득세와 재산세를 깎아주는 세금 감면 혜택을 2026년에서 2029년까지 3년 더 연장하여 기업의 초기 비용 부담을 줄여주려는 법안입니다.,창업(벤처)중소기업에 대한 취득세 및 재산세 감면 특례 적용 기한을 2026년 12월 31일에서 2029년 12월 31일까지로 3년 연장합니다.,positive,창업 기업의 세금 부담을 완화하여 경영 안정성을 높이고 지역 경제 활성화에 기여할 수 있습니다.,경영·금융 전문가 및 관련직|과학 전문가 및 관련직|정보통신 전문가 및 기술직|공학 전문가 및 기술직,청년(19~34)|중장년(35~59),중소기업,비수도권|지방중소도시,창업 지원|세제 혜택|지역 균형 발전,,2026-06-11T13:46:47.499779,0,,
PRC_N2M6L0K6S0R8O1W4V5V0T3Q4P2L5U8,공직선거법 일부개정법률안,고동진의원 등 10인,,,2026-06-08,,http://likms.assembly.go.kr/bill/billDetail.do?billId=PRC_N2M6L0K6S0R8O1W4V5V0T3Q4P2L5U8&ageFrom=22&ageTo=22,"선거 당일 투표용지가 부족해 투표를 못 하는 일이 없도록, 각 지역 선관위가 유권자 수의 70~100%만큼 투표용지를 의무적으로 인쇄하도록 법으로 정하는 내용입니다.","기존에는 중앙선관위 지침에 따라 임의로 인쇄량을 줄일 수 있었으나, 앞으로는 법적 범위(유권자 수의 70~100%) 내에서 의무적으로 인쇄해야 합니다.",positive,투표용지 부족 사태를 예방하여 유권자의 소중한 투표권을 안정적으로 보장할 수 있습니다.,법률·행정 전문직,청년(19~34)|중장년(35~59)|노년(60+),취약계층|장애인,서울|수도권|비수도권|농어촌|도심|지방중소도시,투표용지 부족 방지|선거관리위원회|유권자 권리 보장,,2026-06-11T13:47:49.694429,0,,
PRC_V2W6U0S5T1B4B1A4A4Y2X1Y9F6G7F7,민사소송법 일부개정법률안,김현정의원 등 10인,,,2026-06-08,,http://likms.assembly.go.kr/bill/billDetail.do?billId=PRC_V2W6U0S5T1B4B1A4A4Y2X1Y9F6G7F7&ageFrom=22&ageTo=22,"기업과 소비자 간의 정보 불균형을 해소하기 위해, 기업이 증거 제출 명령에 불응할 경우 제재를 강화하고 전문가 조사 및 당사자 신문 제도를 도입하여 공정한 재판을 돕는 법안입니다.","문서제출명령 불응 시 제재를 대폭 강화하고, 전문가 조사 및 당사자에 의한 신문 제도를 새롭게 도입합니다.",positive,증거 확보가 어려운 소비자와 약자가 기업을 상대로 더 공정한 소송을 진행할 수 있게 됩니다.,법률·행정 전문직|경영·금융 전문가 및 관련직|과학 전문가 및 관련직|법률·감사 사무직,청년(19~34)|중장년(35~59)|노년(60+),취약계층|저소득층|중소기업|대기업,서울|수도권|비수도권|도심,증거의 편재|문서제출명령|K-디스커버리,,2026-06-11T13:48:55.042436,0,,
PRC_W2V6V0R4P1Q5O0P8N4N5W2W4U6T4T8,지하안전관리에 관한 특별법 일부개정법률안,배준영의원 등 11인,,,2026-06-08,,http://likms.assembly.go.kr/bill/billDetail.do?billId=PRC_W2V6V0R4P1Q5O0P8N4N5W2W4U6T4T8&ageFrom=22&ageTo=22,"지하 개발로 인한 싱크홀 등 지반 침하 사고를 막기 위해, 사업 완료 후에도 지속적인 관리를 강화하고, 사고 시 빠른 보상을 위한 보험 가급을 의무화하며, 위험 정보를 주민들에게 투명하게 공개하는 법안입니다.","지하 개발 사업자의 사후 모니터링과 책임보험 가입을 의무화하고, 지반 안전 정보를 주민에게 공개하는 체계를 마련합니다.",positive,"사고 예방을 위한 관리 감독이 강화되고, 사고 발생 시 신속한 피해 구제와 주민의 알 권리가 보장됩니다.",공학 전문가 및 기술직|건설·광업 관련 기능직|법률·행정 전문직,아동(0~12)|청소년(13~18)|청년(19~34)|중장년(35~59)|노년(60+),취약계층|세입자|자가소유자|중소기업|대기업,서울|수도권|비수도권|도심|지방중소도시,지반침하|사후관리|책임보험,,2026-06-11T13:49:58.073324,0,,
PRC_O2O6N0O4M1K5L0S8T4S3S5Q6P1Q7X5,자동차관리법 일부개정법률안,배준영의원 등 10인,,,2026-06-08,,http://likms.assembly.go.kr/bill/billDetail.do?billId=PRC_O2O6N0O4M1K5L0S8T4S3S5Q6P1Q7X5&ageFrom=22&ageTo=22,"고령운전자의 사고를 줄이기 위해, 자동차에 안전 보조 장치를 다는(튜닝) 절차를 간소화하고 국가나 지자체가 그 비용을 지원할 수 있도록 하는 법안입니다.","고령자 맞춤형 자동차 튜닝의 승인 및 검사 절차를 간소화하고, 정부와 지자체의 튜닝 비용 지원 근거를 마련합니다.",positive,고령운전자의 사고 예방과 경제적 부담 완화를 통해 도로 교통 안전을 높일 수 있습니다.,운전·운송 관련직|공학 전문가 및 기술직,노년(60+),취약계층,농어촌|지방중소도시,고령운전자|자동차 튜닝|교통안전,,2026-06-11T13:50:59.629865,0,,
PRC_J2J5H0J8H2H6D1B5C4B6B4Z9A1I0G2,가맹사업거래의 공정화에 관한 법률 일부개정법률안,이준석의원 등 10인,,,2026-06-08,,http://likms.assembly.go.kr/bill/billDetail.do?billId=PRC_J2J5H0J8H2H6D1B5C4B6B4Z9A1I0G2&ageFrom=22&ageTo=22,"프랜차이즈 가맹점주가 폐업할 때 발생하는 경제적 손실을 줄이기 위해, 가맹본부가 일정 금액을 미리 적립해 두었다가 폐업하는 점주에게 보상금을 지급하도록 하는 제도입니다.","가맹본부에게 '폐업보상 책임제'를 도입하여, 가맹금 일부를 적립하고 요건 충족 시 폐업 가맹점에 보상금을 지급하도록 의무화합니다.",positive,가맹점주의 폐업 시 경제적 부담을 완화하고 가맹본부의 책임 있는 경영을 유도할 수 있습니다.,판매·고객서비스 관리직|영업직|판매직|경영·회계 관련 사무직,청년(19~34)|중장년(35~59),중소기업,수도권|도심|비수도권,가맹점주 보호|폐업보상 책임제|프랜차이즈 상생,,2026-06-11T13:51:56.935605,0,,
PRC_Q2Y6Z0X4Y1W5V0V8D4E4C4B0B0A8B0,주택임대차보호법 일부개정법률안,배준영의원 등 11인,,,2026-06-08,,http://likms.assembly.go.kr/bill/billDetail.do?billId=PRC_Q2Y6Z0X4Y1W5V0V8D4E4C4B0B0A8B0&ageFrom=22&ageTo=22,집주인이 바뀌었을 때 새로운 주인으로부터 그 사실을 서면으로 직접 통지받을 수 있게 하여 세입자의 권리를 강화하는 법안입니다.,임대주택의 소유권이 이전되면 새로운 임대인이 일정 기간 내에 임차인에게 이 사실을 서면으로 알려야 합니다.,positive,임차인이 바뀐 집주인 정보를 정확히 알 수 있어 보증금 보호 및 분쟁 예방에 유리합니다.,,청년(19~34)|중장년(35~59)|노년(60+),세입자|1인가구|저소득층|취약계층,수도권|비수도권|도심,임대인 지위 승계|서면 통지 의무|임차인 보호,,2026-06-11T13:53:08.800665,0,,
PRC_L2F6E0L5K2J1I1O3O1M4E5K9J8I0R2,산업안전보건법 일부개정법률안,박해철의원 등 10인,,,2026-06-08,,http://likms.assembly.go.kr/bill/billDetail.do?billId=PRC_L2F6E0L5K2J1I1O3O1M4E5K9J8I0R2&ageFrom=22&ageTo=22,"건설공사 발주자의 책임을 강화하여 설계 단계부터 안전한 작업 환경을 조성하고 산업재해를 예방하기 위한 법안입니다. 안전보건대장 작성 및 검토 의무를 명확히 하고, 적정한 안전 비용과 공기 산정을 규정합니다.","발주자에게 설계 단계부터 안전 비용과 공기 산정 의무를 부여하고, 안전보건조정자의 권한을 강화하여 현장 안전 관리를 실질화합니다.",positive,건설 현장의 안전 관리 체계를 구체화함으로써 근로자의 산업재해 발생 위험을 낮추는 데 기여할 것입니다.,건설·생산 관련 관리직|공학 전문가 및 기술직|건설·광업 관련 기능직|건설·광업 단순 노무직,청년(19~34)|중장년(35~59)|노년(60+),중소기업|대기업,수도권|비수도권|도심|지방중소도시,건설안전|산업재해예방|발주자책임강화,,2026-06-11T13:54:20.454943,0,,
PRC_V2W6U0J3K1I2I1H0I3G3G3O8P4N7M7,조세특례제한법 일부개정법률안,박대출의원 등 10인,,,2026-06-08,,http://likms.assembly.go.kr/bill/billDetail.do?billId=PRC_V2W6U0J3K1I2I1H0I3G3G3O8P4N7M7&ageFrom=22&ageTo=22,지방의 미분양 주택을 산 사람이 나중에 기존 집을 팔 때 받는 양도소득세 비과세 등 세금 혜택 기간을 2026년에서 2029년까지 3년 더 연장하여 지방 부동산 시장을 지원하는 내용입니다.,수도권 외 지역의 준공 후 미분양 주택 취득자에 대한 양도소득세 및 종합부동산세 과세 특례 일몰 기한을 2029년 12월 31일까지로 3년 연장합니다.,positive,지방 미분양 주택 보유자의 세금 부담을 완화하여 지역 건설 경기 침체를 방지하는 데 도움이 됩니다.,건설·생산 관련 관리직|경영·금융 전문가 및 관련직,중장년(35~59)|노년(60+),자가소유자|중소기업,비수도권|지방중소도시|농어촌,미분양 주택|세금 혜택 연장|지방 경기 활성화,,2026-06-11T13:55:14.940700,0,,
PRC_M2M6U0S4T0S9S0R9Y4Z6X5Y9W3X1V2,공직선거법 일부개정법률안,이준석의원 등 10인,,,2026-06-08,,http://likms.assembly.go.kr/bill/billDetail.do?billId=PRC_M2M6U0S4T0S9S0R9Y4Z6X5Y9W3X1V2&ageFrom=22&ageTo=22,"선거일 전 90일부터 금지되었던 AI 딥페이크 영상의 선거운동 활용을 허용하되, 가상 정보임을 반드시 표시하도록 하고, 이를 어기고 허위사실을 유포할 경우 처벌을 강화하는 법안입니다.","선거일 전 90일부터의 딥페이크 영상 제작·유포 금지를 해제하여 표현의 자유를 보장하되, 가상 정보 표시 의무 위반 및 허위사실 공표에 대한 처벌 수위를 높였습니다.",mixed,"AI 기술을 활용한 선거 캠페인의 자유는 확대되나, 가상 정보 미표시 및 허위사실 유포 시 법적 책임이 무거워집니다.",문화·예술·스포츠 전문가 및 관련직|정보통신 전문가 및 기술직|법률·행정 전문직,청년(19~34)|중장년(35~59)|노년(60+),,서울|수도권|비수도권|농어촌|도심|지방중소도시,딥페이크|선거운동|표현의 자유|AI 기술,,2026-06-11T13:56:23.979607,0,,
PRC_B2X6X0T6C0B8H0N8M3M7K2T4Q2P1L4,2026년 제9회 전국동시지방선거 투표용지 부족 등 선거관리 부실 사태의 진상규명을 위한 특별검사의 임명 등에 관한 법률안,백혜련의원 등 10인,,,2026-06-08,,http://likms.assembly.go.kr/bill/billDetail.do?billId=PRC_B2X6X0T6C0B8H0N8M3M7K2T4Q2P1L4&ageFrom=22&ageTo=22,"2026년 지방선거 당시 발생한 투표용지 부족 사태의 진상을 밝히기 위해 특별검사를 임명하여, 선거 관리 과정의 문제점과 책임 소재를 독립적으로 수사하려는 법안입니다.","중앙선관위의 자체 조사가 아닌, 독립적인 특별검사를 통해 투표용지 부족 사태의 원인과 은폐 여부를 엄정하게 수사합니다.",positive,선거 관리의 투명성을 높이고 부정 의혹을 해소하여 선거 제도에 대한 국민적 신뢰를 회복할 수 있습니다.,공공·기업 고위직|법률·행정 전문직|경찰·소방·보안 서비스직,청년(19~34)|중장년(35~59)|노년(60+),,서울|수도권|비수도권|농어촌|도심|지방중소도시,특별검사|선거관리위원회|투표용지 부족,,2026-06-11T13:57:35.672055,0,,
PRC_A2B6Z0Z4Y2Y9X1X6F0D4E4D9D6B1X1,장애인고용촉진 및 직업재활법 일부개정법률안,이정헌의원 등 10인,,,2026-06-08,,http://likms.assembly.go.kr/bill/billDetail.do?billId=PRC_A2B6Z0Z4Y2Y9X1X6F0D4E4D9D6B1X1&ageFrom=22&ageTo=22,"최저임금 적용에서 제외되었던 중증 장애인 근로자에게도 최저임금을 보장하고, 사업주의 고용 부담을 줄이기 위해 국가가 임금을 지원할 수 있는 근거를 마련하는 법안입니다.","장애인에 대한 최저임금 적용 제외 제도를 폐지하는 대신, 사업주의 고용 부담 완화를 위한 임금 보전 지원 근거를 신설합니다.",positive,장애인 근로자의 실질적인 소득을 보장하면서도 사업주의 비용 부담을 줄여 안정적인 고용 유지를 도모합니다.,사회복지·종교 전문가 및 관련직|돌봄·보건 서비스직|제조 관련 단순 노무직|청소·경비 단순 노무직|가사·음식·판매 단순 노무직,,취약계층|장애인|중소기업,,최저임금 보장|장애인 고용|임금 지원,,2026-06-11T13:58:53.808582,0,,
PRC_F2M6L0J6G0F8D0D9J5I6H3P8O3N4M7,제9회 전국동시지방선거 투표 농단 사건 진상규명을 위한 특별검사 임명 등에 관한 법률안,김은혜의원 등 11인,,,2026-06-08,,http://likms.assembly.go.kr/bill/billDetail.do?billId=PRC_F2M6L0J6G0F8D0D9J5I6H3P8O3N4M7&ageFrom=22&ageTo=22,제9회 지방선거 당시 발생한 투표용지 부족 사태와 선관위의 부적절한 대응 등 '투표 농단' 의혹을 밝히기 위해 독립적인 특별검사를 임명하여 진상을 규명하려는 법안입니다.,"지방선거 부정 의혹 조사를 위한 특별검사 임명 절차, 수사 권한 및 재판의 투명성 확보 방안을 구체적으로 규정합니다.",positive,선거 관리의 투명성을 높이고 부정 의혹에 대한 책임을 명확히 하여 선거 제도의 신뢰를 회복할 수 있습니다.,공공·기업 고위직|법률·행정 전문직|경찰·소방·보안 서비스직,청년(19~34)|중장년(35~59)|노년(60+),취약계층,서울|수도권|비수도권|도심|지방중소도시,특별검사|지방선거|투표용지 부족|진상규명|선관위,,2026-06-11T14:00:09.114059,0,,
PRC_E2C6C0K4L2J9K1I6G0H5P4P7N2P0N3,최저임금법 일부개정법률안,이정헌의원 등 10인,,,2026-06-08,,http://likms.assembly.go.kr/bill/billDetail.do?billId=PRC_E2C6C0K4L2J9K1I6G0H5P4P7N2P0N3&ageFrom=22&ageTo=22,"장애로 인해 근로 능력이 낮다는 이유로 최저임금을 받지 못했던 사례를 없애고, 모든 장애인 근로자가 차별 없이 최저임금을 보장받을 수 있도록 하는 법안입니다.","최저임금 적용 제외 규정을 삭제하여, 신체적·정무적 장애 여부와 관계없이 모든 근로자에게 예외 없이 최저임금이 적용되도록 합니다.",positive,장애인 근로자의 정당한 노동 가치를 인정하고 최소한의 생계 유지를 돕는 권리 보장의 효과가 있습니다.,청소·경비 단순 노무직|가사·음식·판매 단순 노무직|돌봄·보건 서비스직|기타 기능직,청년(19~34)|중장년(35~59)|노년(60+),취약계층|장애인|저소득층,수도권|비수도권,최저임금|장애인 권리|노동 가치 보장,,2026-06-11T14:01:20.305755,0,,
PRC_R2Q6Z0Y6X0V4J1I0H4P4O4N7M7U4T2,국제형사사법 공조법 일부개정법률안,유용원의원 등 10인,,,2026-06-08,,http://likms.assembly.go.kr/bill/billDetail.do?billId=PRC_R2Q6Z0Y6X0V4J1I0H4P4O4N7M7U4T2&ageFrom=22&ageTo=22,사이버 범죄 수사를 위해 해외에 있는 디지털 증거(로그 기록 등)를 더 빠르게 확보할 수 있도록 국제 공조 절차를 간소화하는 법안입니다.,"국가 중대 사이버 범죄의 경우, 외교부를 거치지 않고 직접 외국에 수사 협조를 요청할 수 있도록 절차를 단축하고 디지털 증거 확보 범위를 명시합니다.",positive,증거가 사라지기 전 신속한 국제 공조가 가능해져 사이버 범죄 대응력이 강화됩니다.,경찰·소방·보안 서비스직|정보통신 전문가 및 기술직|법률·행정 전문직,아동(0~12)|청소년(13~18)|청년(19~34)|중장년(35~59)|노년(60+),취약계층|1인가구,서울|수도권|비수도권|농어촌|도심|지방중소도시,사이버범죄|디지털증거|국제공조|수사절차,,2026-06-11T14:02:22.202825,0,,
PRC_K2Q6P0O6X0U4S1B3A3Z2W2V2E3D7Z8,기후테크 산업 육성 및 혁신 생태계 조성에 관한 특별법안,김주영의원 등 11인,,,2026-06-08,,http://likms.assembly.go.kr/bill/billDetail.do?billId=PRC_K2Q6P0O6X0U4S1B3A3Z2W2V2E3D7Z8&ageFrom=22&ageTo=22,"기후위기에 대응하기 위해 탄소 감축과 기후 적응에 도움을 주는 '기후테크' 산업을 집중 육성하는 법안입니다. 기술 개발부터 투자, 규제 완화까지 통합 지원하여 관련 기업의 성장을 돕고 새로운 산업 생태계를 조성하고자 합니다.","단순한 기술 개발 지원을 넘어, 기후성과를 정량적으로 평가하고 이를 금융 지원 및 규제 특례와 연계하는 종합적인 산업 육성 체계를 구축합니다.",positive,기후테크 기업의 자금 조달과 규제 해소를 통해 신산업 성장이 촉진되고 관련 생태계가 활성화될 것으로 기대됩니다.,과학 전문가 및 관련직|정보통신 전문가 및 기술직|공학 전문가 및 기술직|경영·금융 전문가 및 관련직|법률·행정 전문직|상하수도·재활용 처리직,청년(19~34)|중장년(35~59),중소기업|대기업,수도권|비수도권|도심|농어촌,기후테크|탄소중립|규제샌드박스|기후가치평가,,2026-06-11T14:03:21.798240,0,,
PRC_C2C6K0L4J2H2I1G2H0P6P4O4M3N4L0,다중이용업소의 안전관리에 관한 특별법 일부개정법률안,이정헌의원 등 11인,,,2026-06-08,,http://likms.assembly.go.kr/bill/billDetail.do?billId=PRC_C2C6K0L4J2H2I1G2H0P6P4O4M3N4L0&ageFrom=22&ageTo=22,"영화관 등 다중이용업소에서 시각·청각 장애인이 위급 상황 시 안전하게 대피할 수 있도록 점자 피난안내도를 비치하고, 안내 영상에 자막이나 수어 통역을 제공하도록 하는 법안입니다.","다중이용업소 내 피난안내도에 점자를 도입하고, 피난 안내 영상물 상영 시 한국수어 통역이나 자막 제공을 의무화합니다.",positive,장애인의 정보 접근성을 높여 재난 상황에서의 안전한 대피를 보장합니다.,판매·고객서비스 관리직|조리·음식 서비스직|영업직,아동(0~12)|청소년(13~18)|청년(19~34)|중장년(35~59)|노년(60+),취약계층|장애인,서울|수도권|비수도권|도심,다중이용업소|장애인 안전|점자 피난안내도|수어 통역,,2026-06-11T14:04:33.963067,0,,
PRC_Q2O6X0W6U0U4Q1N0L4U4S1R6R2Z7Y8,범죄인 인도법 일부개정법률안,유용원의원 등 10인,,,2026-06-08,,http://likms.assembly.go.kr/bill/billDetail.do?billId=PRC_Q2O6X0W6U0U4Q1N0L4U4S1R6R2Z7Y8&ageFrom=22&ageTo=22,국가 안보를 위협하는 중대한 사이버 범죄에 대해 외국에 있는 가해자를 신속하게 확보할 수 있도록 긴급 인도 절차를 강화하는 법안입니다.,"'국가중대사이버범죄'를 범죄인 인도 대상으로 명시하고, 해외 범죄자에 대한 긴급인도구속 청구를 의무화합니다.",positive,국가 기반 시설을 노린 사이버 공격에 대한 대응력을 높이고 범죄자 처벌의 실효성을 강화할 수 있습니다.,경찰·소방·보안 서비스직|정보통신 전문가 및 기술직|법률·행정 전문직|공공·기업 고위직,,중소기업|대기업,수도권|비수도권,사이버범죄|범죄인 인도|국가안보|긴급인도구속,,2026-06-11T14:05:29.682837,0,,
PRC_S2R6S0Z5Y1Z4X1Y4W4W0F5D2D1B1C2,자본시장과 금융투자업에 관한 법률 일부개정법률안,김현정의원 등 10인,,,2026-06-08,,http://likms.assembly.go.kr/bill/billDetail.do?billId=PRC_S2R6S0Z5Y1Z4X1Y4W4W0F5D2D1B1C2&ageFrom=22&ageTo=22,"상장 기업이 배당금을 매달 또는 분기별로 나누어 지급할 수 있도록 하여, 투자자들이 더 자주 안정적인 수익을 얻고 자본시장이 활성화되도록 돕는 법안입니다.","기존의 연 1~2회 중심인 배당 방식을 넘어, 상장사가 선택에 따라 분기 또는 월 단위로 배당금을 지급할 수 있도록 허용합니다.",positive,주주들에게 정기적인 현금 흐름을 제공하여 안정적인 소득 생활을 돕고 자본시장으로의 자금 유입을 촉진합니다.,경영·금융 전문가 및 관련직|금융 사무직|경영·회계 관련 사무직,중장년(35~59)|노년(60+),대기업,서울|수도권|도심,배당 주기 확대|주주 가치 제고|자본시장 선진화,,2026-06-11T14:06:38.964734,0,,
PRC_N2M6K0L4G1H0F1G5E0F6D5L4L5K0L5,관광진흥법 일부개정법률안,박정훈의원 등 10인,,,2026-06-08,,http://likms.assembly.go.kr/bill/billDetail.do?billId=PRC_N2M6K0L4G1H0F1G5E0F6D5L4L5K0L5&ageFrom=22&ageTo=22,관광특구 내 대형마트가 외국인 관광객의 쇼핑 편의를 위해 기존의 월 2회 의무 휴업 규정을 적용받지 않도록 하는 내용입니다.,관광특구 소재 대형마트에 대해 의무 휴업 규정 적용을 제외하는 특례를 신설합니다.,positive,외국인 관광객의 쇼핑 편의를 높이고 관광 소비 촉진 및 경제 활성화에 기여할 수 있습니다.,판매·고객서비스 관리직|판매직,,대기업|중소기업,도심,대형마트|의무휴업 면제|관광특구,,2026-06-11T14:07:40.562576,0,,
PRC_N2W6T0S5N2M7L1T2Q5P0V3U4T8Z8Z4,남녀고용평등과 일·가정 양립 지원에 관한 법률 일부개정법률안,박홍배의원 등 12인,,,2026-06-08,,http://likms.assembly.go.kr/bill/billDetail.do?billId=PRC_N2W6T0S5N2M7L1T2Q5P0V3U4T8Z8Z4&ageFrom=22&ageTo=22,"가족의 질병이나 노령 등으로 인해 근로시간 단축을 신청했을 때, 회사가 정당한 이유 없이 이를 거부하면 사업주에게 최대 500만 원의 과태료를 부과하여 근로자의 일·가정 양립 권리를 실질적으로 보호하려는 법안입니다.",가족돌봄 등을 위한 근로시간 단축 신청을 정당한 사유 없이 거부하는 사업주에게 500만 원 이하의 과태료를 부과하는 규정을 신설합니다.,positive,근로자의 가족돌봄 권리를 실질적으로 보장하고 제도의 실효성을 높일 수 있습니다.,행정·경영지원 관리직|전문서비스 관리직|경영·회계 관련 사무직|기타 사무직|판매·고객서비스 관리직|돌봄·보건 서비스직,청년(19~34)|중장년(35~59)|노년(60+),취약계층|1인가구|임신·육아|중소기업,수도권|비수도권|도심|지방중소도시,가족돌봄|근로시간 단축|과태료 부과,,2026-06-11T14:08:49.711066,0,,
PRC_J2I6Q0W6T0R4O1X7W5V4U0A4Z8Y4X1,발달장애인 권리보장 및 지원에 관한 법률 일부개정법률안,조지연의원 등 12인,,,2026-06-08,,http://likms.assembly.go.kr/bill/billDetail.do?billId=PRC_J2I6Q0W6T0R4O1X7W5V4U0A4Z8Y4X1&ageFrom=22&ageTo=22,"발달장애인 보호자가 갑작스러운 사고나 질병 등으로 돌봄을 할 수 없는 긴급 상황이 생겼을 때, 안정적으로 도움을 받을 수 있도록 '긴급돌봄 서비스'와 이를 운영할 '긴급돌봄센터' 설치의 법적 근거를 마련하는 내용입니다.","법적 근거가 미비했던 발달장애인 긴급돌봄 서비스의 규정을 신설하고, 전담 센터의 설치 및 운영에 관한 명확한 근거를 마련합니다.",positive,긴급 상황 시 돌봄 공백을 메울 수 있는 법적·제도적 기반이 구축되어 발달장애인 가정의 복지 안정성이 높아집니다.,사회복지·종교 전문가 및 관련직|돌봄·보건 서비스직|보건 전문가 및 관련직,아동(0~12)|청소년(13~18)|청년(19~34),장애인|취약계층|임신·육아,서울|수도권|비수도권|농어촌|도심|지방중소도시,발달장애인|긴급돌봄|돌봄공백|긴급돌봄센터,,2026-06-11T14:09:58.618512,0,,
PRC_C2Z6P0O5N2T2S1T4Z1Y8X5E0D1C4K0,여권법 일부개정법률안,유용원의원 등 10인,,,2026-06-08,,http://likms.assembly.go.kr/bill/billDetail.do?billId=PRC_C2Z6P0O5N2T2S1T4Z1Y8X5E0D1C4K0&ageFrom=22&ageTo=22,"여권을 부정한 방법으로 발급받거나 여행 금지 구역에 무단 출입하는 행위를 반복하는 사람들을 더 엄하게 처벌하여, 국가의 외교적·행정적 자원 낭비를 막으려는 법안입니다.",상습적인 여권법 위반자에 대해 기존 형량의 최대 2분의 1까지 가중하여 처벌할 수 있도록 규정합니다.,positive,상습적 법 위반을 억제함으로써 국가 행정력과 외교력의 낭비를 방지할 수 있습니다.,법률·행정 전문직|경찰·소방·보안 서비스직,청년(19~34)|중장년(35~59)|노년(60+),,,여권법|상습 위반|가중 처벌,,2026-06-11T14:11:18.406220,0,,
PRC_U2U6S0T4B0C7A1Y5Z0X1Y4G1G9F0D2,지방세특례제한법 일부개정법률안,김주영의원 등 10인,,,2026-06-08,,http://likms.assembly.go.kr/bill/billDetail.do?billId=PRC_U2U6S0T4B0C7A1Y5Z0X1Y4G1G9F0D2&ageFrom=22&ageTo=22,친환경 선박을 구입할 때 세금을 깎아주는 혜택을 2026년까지에서 2029년까지로 3년 더 연장하는 내용입니다. 이를 통해 해운 산업이 국제 환경 규제에 잘 대응하고 탄소 배출을 줄일 수 있도록 지원합니다.,친환경 선박 취득세 감면 혜택의 적용 기한을 기존 2026년 12월 31일에서 2029년 12월 31일까지로 3년 연장합니다.,positive,친환경 선박 도입에 대한 경제적 유인을 지속시켜 해운 산업의 저탄소 전환과 환경 보호를 촉진합니다.,공학 전문가 및 기술직|운송·기계 관련 기능직|경영·금융 전문가 및 관련직,청년(19~34)|중장년(35~59),중소기업|대기업,비수도권,친환경선박|취득세 감면|해운산업 지원,,2026-06-11T17:01:40.922977,0,친환경 선박 제조 및 운용 기업|해운업계,
PRC_J2J6R0R5Q1R4P1P5N0O8W5U0V7T5U2,개발제한구역의 지정 및 관리에 관한 특별조치법 일부개정법률안,이종욱의원 등 10인,,,2026-06-08,,http://likms.assembly.go.kr/bill/billDetail.do?billId=PRC_J2J6R0R5Q1R4P1P5N0O8W5U0V7T5U2&ageFrom=22&ageTo=22,"주변 농지가 주택단지로 바뀌면서 기능을 잃은 공판장 등을 다른 용도로 사용할 수 있게 하여, 방치된 건물을 활용하고 땅의 효율을 높이려는 법안입니다.",기능을 상실한 개발제한구역 내 시설물에 대해 대통령령으로 정하는 바에 따라 건축물의 용도 변경을 허용합니다.,positive,방치될 수 있는 유휴 시설의 활용도를 높이고 토지 이용 효율성을 증대시킵니다.,건설·광업 관련 기능직|영업직,중장년(35~59),자가소유자|중소기업,수도권|비수도권|농어촌|도심,개발제한구역|용도변경|토지활용,,2026-06-11T17:02:42.886511,0,공판장 및 공동구판장 소유자|부동산 개발업자,기존 농산물 유통 종사자
PRC_H2C6B0B4A1B0Z1Z5H0G7G5E5F2D2E6,조세특례제한법 일부개정법률안,김주영의원 등 11인,,,2026-06-08,,http://likms.assembly.go.kr/bill/billDetail.do?billId=PRC_H2C6B0B4A1B0Z1Z5H0G7G5E5F2D2E6&ageFrom=22&ageTo=22,"중소기업에 취업한 청년, 고령자, 장애인 등의 소득세 감면 혜택 종료 시점을 2026년에서 2028년으로 2년 연장하여, 중소기업의 인력난을 해소하고 취약계층의 실질 소득을 높이려는 법안입니다.",중소기업 취업자에 대한 소득세 감면 특례 적용 기한을 2026년 12월 31일에서 2028년 12월 31일까지로 2년 연장합니다.,positive,"중소기업 취업자의 세금 부담을 줄여 실질 소득을 높이고, 인력난을 겪는 중소기업의 채용 여건을 개선하는 효과가 있습니다.",경영·회계 관련 사무직|판매직|제조 관련 단순 노무직,청년(19~34)|중장년(35~59)|노년(60+),취약계층|장애인|여성|중소기업,수도권|비수도권,중소기업 취업|소득세 감면|고용 지원,,2026-06-11T17:04:25.647978,0,청년 및 고령자 중소기업 근로자|장애인 근로자|경력단절 여성|중소기업 사업주,
PRC_S2S6Q0P5W2W2E1D9A5J9I2F7B4A6J3,한국장학재단 설립 등에 관한 법률 일부개정법률안,김문수의원 등 10인,,,2026-06-05,,http://likms.assembly.go.kr/bill/billDetail.do?billId=PRC_S2S6Q0P5W2W2E1D9A5J9I2F7B4A6J3&ageFrom=22&ageTo=22,"학자금 대출을 제때 갚지 못해 신용이 나빠진 청년들을 위해, 한국장학재단이 보유한 연체 채권을 '새도약기금'에 팔 수 있도록 하여 청년들의 채무 부담을 줄이고 경제 활동 복귀를 돕는 법안입니다.",한국장학재단이 보유한 장기 연체 학자금 대출 채권을 '새도약기금'에 매각할 수 있는 법적 근거를 마련합니다.,positive,장기 연체 청년들의 채무 부담을 경감하고 신속한 신용 회복을 지원하여 경제적 재기를 돕습니다.,,청년(19~34),취약계층|저소득층,,학자금대출|채무조정|신용회복|한국장학재단|새도약기금,,2026-06-11T17:05:24.305605,0,학자금 대출 연체 청년층,
PRC_P2N6O0W5W1U1T1U0S3S0B1B4Z6Y6Y6,산업안전보건법 일부개정법률안,김위상의원 등 11인,,,2026-06-05,,http://likms.assembly.go.kr/bill/billDetail.do?billId=PRC_P2N6O0W5W1U1T1U0S3S0B1B4Z6Y6Y6&ageFrom=22&ageTo=22,"사업장에서 인공지능(AI)을 활용해 사고 위험을 미리 찾아내 예방할 수 있도록, 정부가 기업의 AI 시스템 구축과 운영을 기술적·재정적으로 지원하는 내용을 담고 있습니다.","기업이 AI 기반 산업재해 예방 시스템을 도입할 수 있는 법적 근거를 마련하고, 이에 대해 정부가 보조금 지급 및 기술 지원을 할 수 있도록 합니다.",positive,"AI를 통한 선제적 위험 관리가 가능해져 산업재해를 줄일 수 있으며, 기업은 정부 지원을 통해 도입 부담을 완화할 수 있습니다.",건설·생산 관련 관리직|공학 전문가 및 기술직|정보통신 전문가 및 기술직|건설·광업 관련 기능직|금속 성형 관련 기능직|운송·기계 관련 기능직|전기·전자 관련 기능직|제조 관련 단순 노무직,청년(19~34)|중장년(35~59),중소기업,비수도권|도심,인공지능(AI)|산업재해 예방|정부 보조금,,2026-06-11T17:06:15.986363,0,현장 근로자 (사고 위험 감소)|중소기업 사업주 (시스템 구축 비용 및 기술 지원),
PRC_Q2O6W0X4V2W3U1V4T1T0C4A2A1Z5A8,기후·기후변화 감시 및 예측 등에 관한 법률 일부개정법률안,김주영의원 등 13인,,,2026-06-05,,http://likms.assembly.go.kr/bill/billDetail.do?billId=PRC_Q2O6W0X4V2W3U1V4T1T0C4A2A1Z5A8&ageFrom=22&ageTo=22,"기후위기에 대응하기 위해 기상청이 수집하는 기후 정보 범위를 넓히고, 홍수나 산불 등 기후 재난이 우리 사회에 미치는 영향을 더 정밀하게 조사·연구하여 국가 차원의 예측 체계를 강화하려는 법안입니다.","기상청의 감시 정보에 '핵심기후변수'와 '기후영향인자'를 추가하고, 기후 변화가 사회 전 분야에 미치는 물리적 영향에 대한 조사·연구 범위를 확대합니다.",positive,정밀한 기후 데이터 확보를 통해 기후 재난에 대한 국가적 예측 및 대응 능력을 높여 국민 안전을 강화할 수 있습니다.,행정·경영지원 관리직|과학 전문가 및 관련직|공학 전문가 및 기술직|경찰·소방·보안 서비스직,아동(0~12)|청소년(13~18)|청년(19~34)|중장년(35~59)|노년(60+),취약계층|장애인|여성|다문화가정|1인가구|저소득층|임신·육아|학부모|세입자|자가소유자|중소기업|대기업,수도권|비수도권|농어촌|도심|지방중소도시,기후위기|기상청|재난예측,,2026-06-11T17:07:25.609126,0,일반 국민(재난 안전 확보)|기상 및 환경 과학 연구자|재난 대응 공공기관,
PRC_D2C6B0J6G0F4O1Q7P2O2U5T9S3R6A0,국립묘지의 설치 및 운영에 관한 법률 일부개정법률안,박균택의원 등 10인,,,2026-06-05,,http://likms.assembly.go.kr/bill/billDetail.do?billId=PRC_D2C6B0J6G0F4O1Q7P2O2U5T9S3R6A0&ageFrom=22&ageTo=22,"과거 범죄 전력이 있는 국가유공자라도 살인, 성폭행 등 중대한 범죄가 아니라면 국립묘지에 안장할 수 있도록 예외 규정을 마련하여 그들의 공훈을 기리고자 하는 법안입니다.","2006년 1월 30일 이전에 저지른 실형 전과가 있더라도 내란, 외환, 살인, 성폭행 등 중범죄가 아닌 경우에는 국립묘지 안장을 허용합니다.",positive,국가유공자의 과거 과오보다 국가를 위한 헌신을 우선하여 예우의 범위를 확대하고 보훈 체계를 합리화합니다.,군인,중장년(35~59)|노년(60+),,,국립묘지 안장|국가유공자 예우|범죄 전력 예외,,2026-06-11T17:08:26.695947,0,과거 범죄 전력이 있는 국가유공자 및 그 유족,
PRC_O2M6N0M4M0K7L1T5R0S0Q3Q0P2Q7X7,지방세특례제한법 일부개정법률안,김주영의원 등 10인,,,2026-06-05,,http://likms.assembly.go.kr/bill/billDetail.do?billId=PRC_O2M6N0M4M0K7L1T5R0S0Q3Q0P2Q7X7&ageFrom=22&ageTo=22,전기차를 살 때 내는 취득세를 최대 140만 원까지 깎아주는 혜택이 2026년에서 2029년까지 3년 더 연장됩니다.,전기자동차 취득세 감면 특례 적용 기한을 기존 2026년 12월 31일에서 2029년 12월 31일까지로 3년 연장함.,positive,전기차 구매 비용 부담을 완화하여 친환경 자동차 보급을 촉진하고 탄소중립 사회 전환을 지원합니다.,영업직|운전·운송 관련직,청년(19~34)|중장년(35~59)|노년(60+),자가소유자|중소기업,도심|지방중소도시,전기차|취득세 감면|탄소중립|친환경 자동차,,2026-06-11T17:09:28.533087,0,전기자동차 구매 예정자|전기차 관련 산업 종사자,국가 재정(세수 감소 측면)
PRC_E2A6Y0Z4X1Y5W1X4E0D6E0C2D5B7B8,지하안전관리에 관한 특별법 일부개정법률안,전용기의원 등 10인,,,2026-06-05,,http://likms.assembly.go.kr/bill/billDetail.do?billId=PRC_E2A6Y0Z4X1Y5W1X4E0D6E0C2D5B7B8&ageFrom=22&ageTo=22,"지하 싱크홀(지반침하)을 예방하기 위해, 지하안전평가서를 부실하게 작성했을 때 부과되는 과태료 상한액을 기존 1천만 원에서 2천만 원으로 높여 안전 관리를 강화하는 법안입니다.",지하안전평가서 등을 부실하게 작성한 자에 대한 과태료 상한을 현행 1천만 원에서 2천만 원으로 인상합니다.,positive,부실한 안전 평가에 대한 제재를 강화하여 지반 침하 사고 예방 및 지하 안전 관리의 실효성을 높입니다.,공학 전문가 및 기술직|건설·생산 관련 관리직,아동(0~12)|청소년(13~18)|청년(19~34)|중장년(35~59)|노년(60+),중소기업|대기업|자가소유자|세입자,서울|수도권|비수도권|농어촌|도심|지방중소도시,지하안전평가|과태료 상향|지반침하 예방,,2026-06-11T17:10:49.646226,0,일반 시민|지하 시설물 이용자,지하안전평가 작성 업체|건설 사업 시행자
PRC_A2B6A0Y5Y1W4X1F1E1E2C0D3C1K6K7,피지컬 인공지능 개발 촉진 및 지원에 관한 특별법안,황정아의원 등 10인,,,2026-06-05,,http://likms.assembly.go.kr/bill/billDetail.do?billId=PRC_A2B6A0Y5Y1W4X1F1E1E2C0D3C1K6K7&ageFrom=22&ageTo=22,"로봇이나 자율주행차처럼 물리적 환경에서 스스로 움직이는 '피지컬 AI' 기술 발전을 위해 규제를 완화하고, 시범 지역 운영과 데이터 구축 등 국가 차원의 통합적인 지원 체계를 만드는 법안입니다.","분절된 규제 특례를 한 번에 신청하는 원스톱 서비스를 도입하고, 규제 심사 기간 내 미통보 시 승인된 것으로 간주하는 제도를 통해 기술 상용화 속도를 높입니다.",positive,AI 및 로봇 산업의 규제 불확실성을 해소하고 신속한 실증을 가능하게 하여 관련 산업 생태계 성장을 촉진합니다.,과학 전문가 및 관련직|정보통신 전문가 및 기술직|공학 전문가 및 기술직|법률·행정 전문직|경영·금융 전문가 및 관련직|운송·기계 관련 기능직|전기·전자 관련 기능직,청년(19~34)|중장년(35~59),중소기업|대기업,수도권|비수도권,피지컬 AI|규제 샌드박스|산업 육성,,2026-06-11T17:12:14.629631,0,AI 및 로봇 관련 스타트업 및 기업|IT/SW 개발자|하드웨어 제조 기업,개인정보 보호 단체 (데이터 활용 확대에 따른 우려)|기존 규제 준수 산업 종사자
PRC_A2A6J0J4H0G7G1F4G5N9O1N0L3L9K7,조세특례제한법 일부개정법률안,김주영의원 등 11인,,,2026-06-05,,http://likms.assembly.go.kr/bill/billDetail.do?billId=PRC_A2A6J0J4H0G7G1F4G5N9O1N0L3L9K7&ageFrom=22&ageTo=22,"하이브리드, 전기, 수소차를 구매할 때 세금을 깎아주는 혜택을 2026년에서 2029년까지 3년 더 연장하여 친환경 자동차 보급을 돕는 법안입니다.",친환경 자동차(하이브리드·전기·수소차)에 대한 개별소비세 감면 특례 적용 기한을 2026년 12월 31일에서 2029년 12월 31일로 3년 연장합니다.,positive,친환경 자동차 구매 비용 부담을 낮추어 전기차 및 하이브리드차의 보급 확산을 지원합니다.,운전·운송 관련직|판매직|공학 전문가 및 기술직,청년(19~34)|중장년(35~59),자가소유자|중소기업|대기업,수도권|비수도권|도심,친환경자동차|개별소비세 감면|세제 혜택 연장,,2026-06-11T17:13:20.178788,0,하이브리드·전기·수소차 구매 예정자|친환경 자동차 제조사 및 부품 업체,내연기관 자동차 중심의 부품 제조업체
PRC_S2R5Q0N9M1K1J1F7E2F0D1C4K6I7H3,마약류 관리에 관한 법률 일부개정법률안,서미화의원 등 11인,,,2026-06-05,,http://likms.assembly.go.kr/bill/billDetail.do?billId=PRC_S2R5Q0N9M1K1J1F7E2F0D1C4K6I7H3&ageFrom=22&ageTo=22,"마약류 수입 허가 제한으로 인한 의약품 원료 독과점 문제를 해결하기 위한 법안입니다. 신약, 희귀의약품, 국가필수의약품 제조용에 한해 마약류 수입 허가 제한을 완화하여 안정적인 의약품 공급을 도모합니다.","신약, 희귀의약품, 국가필수의약품 제조를 목적으로 하는 경우, 마약류 및 향정신성의약품의 수입 품목허가 제한 규정을 적용하지 않도록 함.",positive,의약품 원료 시장의 독과점 구조를 개선하고 필수 의약품의 안정적인 수급을 가능하게 합니다.,과학 전문가 및 관련직|보건 전문가 및 관련직|경영·금융 전문가 및 관련직,아동(0~12)|청소년(13~18)|청년(19~34)|중장년(35~59)|노년(60+),중소기업|대기업,수도권|비수도권,마약류 수입 허가|의약품 원료 독과점|필수의약품 공급|신약 개발,,2026-06-11T17:14:20.211401,0,신약 및 희귀의약품 제조 제약사|의약품 원료 수입을 원하는 중소기업|안정적인 의약품 공급을 받는 국민,기존 마약류 수출입 허가를 독점하고 있던 업체
PRC_D2E6M0M5K1L2J1I3I4Q4Q4P5Q5O7O8,산업안전보건법 일부개정법률안,김주영의원 등 11인,,,2026-06-05,,http://likms.assembly.go.kr/bill/billDetail.do?billId=PRC_D2E6M0M5K1L2J1I3I4Q4Q4P5Q5O7O8&ageFrom=22&ageTo=22,"원청과 하청 근로자가 함께 참여하는 '공동 산업안전보건위원회'를 만들어, 도급 사업장의 안전 문제를 공동으로 결정하고 실질적인 사고 예방을 강화하려는 법안입니다.","기존에는 원·하청 근로자의 의견 반영이 어려웠으나, 이제는 원청과 하청 노사가 함께 참여하는 위원회를 구성하여 안전보건 사항을 공동으로 심의하고 의결하도록 의무화합니다.",positive,하청 근로자의 안전 결정권이 강화되어 산업현장의 실질적인 재해 예방 및 원·하청 간 협력적 관리체계 구축이 기대됩니다.,건설·생산 관련 관리직|공학 전문가 및 기술직|건설·광업 관련 기능직|금속 성형 관련 기능직|운송·기계 관련 기능직|전기·전자 관련 기능직|화학 관련 장치·기계 조작직|기계 제조 장치·기계 조작직,청년(19~34)|중장년(35~59),취약계층|중소기업|대기업,수도권|비수도권|도심|지방중소도시,공동 산업안전보건위원회|원·하청 상생|산업재해 예방,,2026-06-11T17:15:43.294660,0,하청 근로자|관계 수급인 근로자,도급인(원청 사업주)|관계 수급인(하청 사업주)
PRC_L2L6K0H6G0P2M1L5T1T1P2Q3N5V7U1,사회복지사업법 일부개정법률안,이정문의원 등 10인,,,2026-06-05,,http://likms.assembly.go.kr/bill/billDetail.do?billId=PRC_L2L6K0H6G0P2M1L5T1T1P2Q3N5V7U1&ageFrom=22&ageTo=22,"어린이, 노인, 장애인 등 취약계층의 급식 위생과 영양 관리를 지원하는 사업을 '사회복지사업' 범위에 포함하여, 관련 지원의 법적 근거를 명확히 하고 체계적인 관리를 도모하는 법안입니다.",어린이 식생활 안전 및 노인·장애인 시설 급식 위생·영양 관리 지원 사업을 사회복지사업의 정의에 새롭게 추가합니다.,positive,취약계층 대상 급식 위생 및 영양 관리 사업이 사회복지사업으로 명문화되어 보다 안정적인 지원 근거가 마련됩니다.,보건 전문가 및 관련직|사회복지·종교 전문가 및 관련직|조리·음식 서비스직,아동(0~12)|청소년(13~18)|노년(60+),취약계층|장애인|저소득층,수도권|비수도권,사회복지사업|급식위생|영양관리|취약계층,,2026-06-11T17:16:56.351354,0,아동|노인|장애인|사회복지시설 운영자 및 종사자,
PRC_C2Y6Z0X1Y2W1V1V0D1E8C2C8B7Z8A2,의료법 일부개정법률안,장종태의원 등 10인,,,2026-06-05,,http://likms.assembly.go.kr/bill/billDetail.do?billId=PRC_C2Y6Z0X1Y2W1V1V0D1E8C2C8B7Z8A2&ageFrom=22&ageTo=22,"여행사가 보험 대리점 역할을 할 때, 외국인 환자를 위한 의료 관광 상품을 판매할 수 있도록 법적 예외를 인정하여 의료 관광 산업을 활성화하려는 내용입니다.",보험대리점이 여행업 및 외국인환자 유치사업자로 등록된 경우에 한해 외국인 환자 유치 행위를 허용합니다.,positive,의료 관광 관련 사업자의 활동 범위를 넓혀 의료 관광 산업의 활성화를 기대할 수 있습니다.,운송·여가 서비스직|경영·금융 전문가 및 관련직,,중소기업,서울|수도권|비수도권,의료관광|보험대리점|외국인환자유치,,2026-06-11T17:17:49.552941,0,여행업자|외국인환자 유치사업자|보험대리점,
PRC_Q2O6J0I5I1O8N1M3T4K0H4G1N6M0T9,사회재난대책법안,이광희의원 등 16인,,,2026-06-04,,http://likms.assembly.go.kr/bill/billDetail.do?billId=PRC_Q2O6J0I5I1O8N1M3T4K0H4G1N6M0T9&ageFrom=22&ageTo=22,"인파 사고나 시설 화재 같은 '사회재난'을 체계적으로 관리하기 위해 별도의 법적 근거를 만드는 법안입니다. 위험 지역의 예방 대책을 세우고, 위기 징후를 감시하며, 재난 발생 시 국가와 지역사회가 통합적으로 대응하여 국민 안전을 지키는 것이 목적입니다.",자연재해 중심의 기존 체계에서 벗어나 사회재난에 특화된 예방·대비·대응 시스템과 독립적인 법적 근거를 구축합니다.,positive,사회재난에 대한 국가 차원의 선제적 대응 및 관리 체계가 강화되어 국민의 생명과 안전 보호가 증진됩니다.,공공·기업 고위직|행정·경영지원 관리직|법률·행정 전문직|경찰·소방·보안 서비스직,아동(0~12)|청소년(13~18)|청년(19~34)|중장년(35~59)|노년(60+),취약계층|장애인|여성|다문화가정|1인가구|저소득층|임신·육아|학부모,서울|수도권|비수도권|농어촌|도심|지방중소도시,사회재난|안전관리|예방대책,,2026-06-11T17:19:17.216117,0,일반 시민|다중이용시설 이용객|취약계층,다중운집시설 관리자(행사 중단 및 인파 해산 조치에 따른 운영 부담)|산업단지 관리 주체(특별예방대책 수립 등 추가적인 관리 의무 발생)
PRC_H2P6P0O3O0M9N1M4M4U2U2T5R0S1Q9,가상자산 이용자 보호 등에 관한 법률 일부개정법률안,백선희의원 등 11인,,,2026-06-04,,http://likms.assembly.go.kr/bill/billDetail.do?billId=PRC_H2P6P0O3O0M9N1M4M4U2U2T5R0S1Q9&ageFrom=22&ageTo=22,"가상자산 거래소의 전산 관리와 내부 통제를 강화하여, 코인 거래 시 발생할 수 있는 오지급이나 사고로부터 이용자를 보호하고 사고 발생 시 거래소의 손해배상 책임을 명확히 하는 법안입니다.","가상자산 보유 잔고와 장부의 실시간 연동을 의무화하고, 사고 발생 시 사업자의 손해배상 책임을 명시하며 내부통제기준 마련을 강제합니다.",positive,거래소의 투명성이 높아지고 사고 발생 시 이용자의 피해 구제가 용이해집니다.,정보통신 전문가 및 기술직|경영·금융 전문가 및 관련직|법률·행정 전문직|금융 사무직,청년(19~34)|중장년(35~59),중소기업,서울|수도권,가상자산 보호|실시간 연동 의무화|손해배상 책임,,2026-06-11T17:20:29.011409,0,가상자산 이용자(투자자),가상자산사업자(거래소)
PRC_V2V6T0A5Z2Y6X1A5A2Z1F4E0D7M3L4,정보통신망 이용촉진 및 정보보호 등에 관한 법률 일부개정법률안,이훈기의원 등 12인,,,2026-06-04,,http://likms.assembly.go.kr/bill/billDetail.do?billId=PRC_V2V6T0A5Z2Y6X1A5A2Z1F4E0D7M3L4&ageFrom=22&ageTo=22,"온라인상에서 특정 개인이나 집단을 악의적으로 조롱하거나 비하하는 행위를 규제하기 위한 법안입니다. 반복적이고 악의적인 혐오 표현을 불법 정보로 정의하고, 이를 방치한 플랫폼 운영자에게 과징금이나 운영 정지 등의 책임을 묻는 내용을 담고 있습니다.","기존 명예훼손 규정으로 다루기 어려웠던 악의적 조롱·혐오 정보를 불법 정보로 신설하고, 이를 방치한 플랫폼 사업자에게 강력한 행정적·형사적 제재를 부과합니다.",mixed,"사회적 혐오 표현으로부터 인격권을 보호하는 측면이 있으나, 표현의 자유 위축 및 플랫폼 운영자의 규제 부담이 커질 수 있습니다.",정보통신 전문가 및 기술직|법률·행정 전문직|경영·금융 전문가 및 관련직|기타 사무직,청소년(13~18)|청년(19~34)|중장년(35~59)|노년(60+),취약계층|장애인|여성|다문화가정|대기업,도심,조롱·혐오정보|표현의 자유|플랫폼 책임,,2026-06-11T17:21:35.455351,0,혐오 표현 및 조롱의 피해자|사회적 약자 및 유가족,정보통신서비스 제공자(플랫폼 운영사)|표현의 자유를 중시하는 이용자
PRC_Q2X6V0U6D0C1B1A7W1T2R5A7Z2Y0W1,조세특례제한법 일부개정법률안,김소희의원 등 12인,,,2026-06-02,,http://likms.assembly.go.kr/bill/billDetail.do?billId=PRC_Q2X6V0U6D0C1B1A7W1T2R5A7Z2Y0W1&ageFrom=22&ageTo=22,"친환경 항공유(SAF)를 국내에서 생산하고 판매할 때 세금 혜택을 주어, 우리나라의 항공 연료 자급력을 높이고 탄소중립을 앞당기려는 법안입니다.",국내에서 생산 및 판매된 지속가능항공유(SAF)에 대해 세액공제 제도를 신설합니다.,positive,친환경 항공 연료 산업의 투자를 유도하고 국가 에너지 안보와 관련 산업의 국제 경쟁력을 강화할 수 있습니다.,공학 전문가 및 기술직|화학 관련 장치·기계 조작직|경영·금융 전문가 및 관련직,청년(19~34)|중장년(35~59),대기업|중소기업,비수도권,지속가능항공유(SAF)|세액공제|탄소중립,,2026-06-11T17:22:34.500264,0,국내 정유 및 항공 산업 기업|친환경 에너지 기술 개발 기업,
PRC_B2Z6Y0Y4G2G2F1G2E1C4D3L5L7K9K8,채용절차의 공정화에 관한 법률 일부개정법률안,이정헌의원 등 10인,,,2026-06-02,,http://likms.assembly.go.kr/bill/billDetail.do?billId=PRC_B2Z6Y0Y4G2G2F1G2E1C4D3L5L7K9K8&ageFrom=22&ageTo=22,"채용 광고를 올릴 때 임금을 '협의 후 결정'처럼 모호하게 적지 못하도록 구체적인 금액을 명시하게 하여, 구직자가 정확한 근로 조건을 알고 지원할 수 있게 돕는 법안입니다.",구인자가 채용 광고 시 임금에 관한 사항을 구체적으로 밝히도록 의무화합니다.,positive,임금 정보의 투명성이 높아져 구직자의 알 권리가 강화되고 불필요한 채용 절차 비용이 감소합니다.,행정·경영지원 관리직|전문서비스 관리직|경영·회계 관련 사무직|기타 사무직|영업직|판매직|정보통신 전문가 및 기술직,청년(19~34)|중장년(35~59),취약계층|저소득층|중소기업|대기업,서울|수도권|비수도권,채용공고|임금명시|구직자권익보호,,2026-06-11T17:23:31.631433,0,구직자|취업 준비생,기업(구인자)
PRC_N2M6L0F5F1D8K0R9Q5N6K5J7R7P0O4,지방자치법 일부개정법률안,양부남의원 등 10인,,,2026-06-02,,http://likms.assembly.go.kr/bill/billDetail.do?billId=PRC_N2M6L0F5F1D8K0R9Q5N6K5J7R7P0O4&ageFrom=22&ageTo=22,"온라인으로 주민감사청구를 할 수 있는 기반을 만들고, 지방자치단체의 조례 제정권을 강화하며, 국가와 지자체 간 협력을 돕는 제도적 장치를 마련하여 실질적인 지방자치를 실현하려는 법안입니다.","온라인 주민감사청구 시스템 구축, 자치입법권 확대, 지자체 간 및 국가-지자체 간 협약제도 도입을 통한 지역 균형 발전 도모.",positive,주민 참여를 활성화하고 지방자치단체의 자율성과 협력 역량을 높여 지역 균형 발전에 기여할 수 있습니다.,공공·기업 고위직|행정·경영지원 관리직|법률·행정 전문직,청년(19~34)|중장년(35~59)|노년(60+),취약계층|중소기업,비수도권|농어촌|지방중소도시,주민감사청구|자치입법권|지역균형발전,,2026-06-11T17:24:29.963692,0,지역 주민|지방자치단체|지방의회,
PRC_I2H6N0K5K2S2R1O5X3W5U2Q6Z0Y7V5,교육시설 등의 안전 및 유지관리 등에 관한 법률 일부개정법률안,김영호의원 등 10인,,,2026-06-01,,http://likms.assembly.go.kr/bill/billDetail.do?billId=PRC_I2H6N0K5K2S2R1O5X3W5U2Q6Z0Y7V5&ageFrom=22&ageTo=22,"학교 시설을 주민들에게 개방할 때 발생하는 사고에 대해 학교장의 법적 책임을 면제해주고, 전문적인 교육시설 관리 지원 기관을 설치하여 학교의 시설 관리 부담을 줄이며 지역 사회와 학교가 함께 공간을 활용할 수 있도록 하는 법안입니다.","교육시설 개방 시 발생한 사고에 대한 민·형사상 책임 특례를 신설하고, 교육시설 관리를 지원하는 전문 기관 설치 근거를 마련합니다.",positive,"학교 시설의 지역 사회 개방이 활성화되고, 학교 현장의 시설 관리 부담과 법적 불안감이 해소됩니다.",교육 전문가 및 관련직|법률·행정 전문직|공학 전문가 및 기술직|행정·경영지원 관리직,아동(0~12)|청소년(13~18)|청년(19~34)|중장년(35~59)|노년(60+),학부모|취약계층|다문화가정,수도권|비수도권|농어촌|도심|지방중소도시,학교시설 개방|책임 면제|교육시설지원기관|교육시설안전공단,,2026-06-11T17:25:38.808285,0,지역 주민 (학교 시설 이용 확대)|학교장 및 교육 현장 관계자 (법적 책임 부담 완화),
PRC_T2S6R0Q5Z2X9W1V7D2C6B4A5I0F2E8,아동·청소년의 성보호에 관한 법률 일부개정법률안,김선교의원 등 10인,,,2026-06-01,,http://likms.assembly.go.kr/bill/billDetail.do?billId=PRC_T2S6R0Q5Z2X9W1V7D2C6B4A5I0F2E8&ageFrom=22&ageTo=22,"성매매 피해 아동·청소년을 발견했을 때, 수사 종료 후가 아닌 수사 시작 즉시 관계 기관에 알려서 초기부터 신속하게 보호와 지원을 받을 수 있도록 하는 법안입니다.","기존에는 수사가 끝난 뒤에 관련 기관에 통지했으나, 앞으로는 사건 접수 후 수사가 시작되는 즉시 통지하도록 시점을 앞당깁니다.",positive,피해 아동·청소년에게 초기 단계부터 신속한 보호와 전문적인 지원을 제공하여 재피해를 예방할 수 있습니다.,법률·행정 전문직|사회복지·종교 전문가 및 관련직|경찰·소방·보안 서비스직,아동(0~12)|청소년(13~18),취약계층|여성,서울|수도권|비수도권|농어촌|도심|지방중소도시,성매매 피해 아동·청소년|신속한 보호|수사 초기 통지,,2026-06-11T17:26:35.354889,0,성매매 피해 아동·청소년|아동·청소년 보호 전문기관,
PRC_Y2O6N0K5S2R9T1Z7Z2X6W1D5C0B6J6,조세특례제한법 일부개정법률안,김선교의원 등 10인,,,2026-06-01,,http://likms.assembly.go.kr/bill/billDetail.do?billId=PRC_Y2O6N0K5S2R9T1Z7Z2X6W1D5C0B6J6&ageFrom=22&ageTo=22,"중소기업에 다니는 청년들의 소득세 감면 제도를 기한 없이 계속 유지하고, 연간 세금 감면 한도를 기존 200만 원에서 400만 원으로 늘려 청년 근로자의 실질 소득을 높여주는 법안입니다.","중소기업 취업자 소득세 감면 제도의 일몰 규정을 폐지하여 영구화하고, 연간 감면 한도를 200만 원에서 400만 원으로 상향합니다.",positive,"중소기업 청년 근로자의 세금 부담이 줄어들어 실질 소득이 증가하고, 제도의 안정성이 확보됩니다.",경영·회계 관련 사무직|기타 사무직|판매직|영업직,청년(19~34),중소기업,,중소기업|청년 소득세 감면|세제 혜택 확대,,2026-06-11T17:27:56.510369,0,중소기업 재직 청년 근로자|중소기업,
PRC_W2V6K0K5I2H1N1M9L0T2T0R4Q0Y4X1,연구개발특구의 육성에 관한 특별법 일부개정법률안,김현의원 등 12인,,,2026-05-29,,http://likms.assembly.go.kr/bill/billDetail.do?billId=PRC_W2V6K0K5I2H1N1M9L0T2T0R4Q0Y4X1&ageFrom=22&ageTo=22,"법으로 금지되지 않은 새로운 기술을 실험할 때, 복잡한 심사 절차를 줄여서 더 빠르게 허가를 받을 수 있게 하는 법안입니다.",신기술 실증특례 지정 시 관계부처 협의 및 심의 절차를 간소화하여 패스트트랙 적용 대상을 확대합니다.,positive,신기술의 시장 진입 속도를 높여 기술 혁신과 사업화를 촉진할 수 있습니다.,과학 전문가 및 관련직|정보통신 전문가 및 기술직|공학 전문가 및 기술직|경영·금융 전문가 및 관련직,청년(19~34)|중장년(35~59),중소기업,수도권|비수도권,규제샌드박스|신기술 실증|패스트트랙|규제 완화,,2026-06-11T17:28:47.370705,0,신기술 개발 스타트업|연구개발 기업|기술 혁신가,기존 규제 관련 부처(심의 권한 축소)|신기술 도입으로 인해 경쟁에 직면하는 기존 산업 종사자
PRC_I2R6Q0P5O2K1H1G9O0N0K1T1R6R5P9,전기통신사업법 일부개정법률안,김현의원 등 14인,,,2026-05-29,,http://likms.assembly.go.kr/bill/billDetail.do?billId=PRC_I2R6Q0P5O2K1H1G9O0N0K1T1R6R5P9&ageFrom=22&ageTo=22,"인터넷 이용을 방해하는 '플로팅 광고'나 '납치 광고' 등 새로운 유형의 불편한 온라인 광고를 금지하고, 이를 제공하는 광고 사업자에게 책임을 물어 쾌적한 디지털 환경을 조성하려는 법안입니다.","기존에 규제하기 어려웠던 신유형의 온라인 불편 광고를 금지 행위로 명확히 규정하고, 관련 광고 사업자에 대한 조사 근거와 과태료 부과 규정을 마련합니다.",positive,온라인 이용자의 정보 접근권을 보호하고 쾌적한 인터넷 이용 환경을 조성하는 데 기여합니다.,정보통신 전문가 및 기술직|영업직|판매직,아동(0~12)|청소년(13~18)|청년(19~34)|중장년(35~59)|노년(60+),대기업|중소기업,서울|수도권|비수도권,온라인 광고 규제|플로팅 광고 금지|이용자 권익 보호,,2026-06-11T17:29:50.227336,0,인터넷 이용자 전체|디지털 취약계층,온라인 광고 사업자|디지털 플랫폼 운영사
PRC_K2J6P0O5Q2P1O1I8H2G4P1O1L0T2R4,방송법 일부개정법률안,김현의원 등 12인,,,2026-05-29,,http://likms.assembly.go.kr/bill/billDetail.do?billId=PRC_K2J6P0O5Q2P1O1I8H2G4P1O1L0T2R4&ageFrom=22&ageTo=22,"OTT와 온라인 중심으로 변하는 미디어 환경에 맞춰, 방송사의 프로그램 편성 규제를 완화하여 방송 산업의 경쟁력을 높이려는 법안입니다. 종합편성방송의 오락 프로그램 비율 제한과 외국 콘텐츠 수입 제한을 폐지하는 내용을 담고 있습니다.","종합편성방송의 오락 프로그램 편성 상한과 특정 국가의 외국 콘텐츠(영화, 애니메이션 등) 편성 비율 제한을 폐지하여 방송사의 자율성을 확대합니다.",positive,방송사의 제작 및 편성 자율성이 높아져 급변하는 미디어 환경에 대한 대응력과 산업 경쟁력이 강화될 수 있습니다.,문화·예술·스포츠 전문가 및 관련직|정보통신 전문가 및 기술직,청소년(13~18)|청년(19~34)|중장년(35~59),대기업|중소기업,수도권|비수도권|지방중소도시,방송법 개정|편성 규제 완화|미디어 환경 변화,,2026-06-11T17:30:56.215765,0,종합편성방송사업자|콘텐츠 제작사|외국 콘텐츠 수입사,국내 애니메이션 및 영화 제작사 (외국 콘텐츠 유입 증가에 따른 경쟁 심화 우려)
PRC_E2D6I0Q5P2M1V1U8S5S7M0L8V1U8A4,방송광고판매대행 등에 관한 법률 일부개정법률안,김현의원 등 13인,,,2026-05-29,,http://likms.assembly.go.kr/bill/billDetail.do?billId=PRC_E2D6I0Q5P2M1V1U8S5S7M0L8V1U8A4&ageFrom=22&ageTo=22,"방송 광고 대행사가 TV 광고뿐만 아니라 인터넷, 모바일, 디지털 전광판 광고까지 통합해서 판매할 수 있도록 규제를 완화하여 미디어 산업의 성장을 돕는 법안입니다.","기존에는 방송 광고 외 매체 광고 판매가 금지되었으나, 앞으로는 통신(인증·모바일) 및 디지털 옥외광고까지 판매 범위가 확대됩니다.",positive,광고주의 선택권이 넓어지고 미디어 산업의 수익 창출과 경쟁력이 강화될 것으로 기대됩니다.,정보통신 전문가 및 기술직|경영·금융 전문가 및 관련직|판매·고객서비스 관리직|문화·예술·스포츠 전문가 및 관련직|기타 사무직,청년(19~34)|중장년(35~59),중소기업|대기업,수도권|비수도권|지방중소도시,크로스미디어|광고 규제 완화|미디어 융합,,2026-06-11T17:31:57.484992,0,방송광고판매대행사업자|중소 광고주|지역 및 중소 방송매체,
PRC_A2Z6W0E5E2C2C1W5V3F6L4K8J4J2F3,지방공기업법 일부개정법률안,김영호의원 등 10인,,,2026-05-29,,http://likms.assembly.go.kr/bill/billDetail.do?billId=PRC_A2Z6W0E5E2C2C1W5V3F6L4K8J4J2F3&ageFrom=22&ageTo=22,"학교 등 교육시설을 주민들에게 더 안전하게 개방하고, 노후된 시설을 전문적으로 관리할 수 있도록 지방공기업의 사업 범위를 확대하는 법안입니다.",지방공기업법상 사업 범위에 학교 시설의 개방·운영 및 안전·유지관리 사업을 추가하여 교육시설 지원 기관의 설립 근거를 마련합니다.,positive,"학교 시설의 전문적인 관리로 안전성이 높아지고, 주민들의 학교 시설 이용 편의가 증대됩니다.",교육 전문가 및 관련직|행정·경영지원 관리직,아동(0~12)|청소년(13~18)|중장년(35~59)|노년(60+),학부모|취약계층,도심|지방중소도시|농어촌,학교시설 개방|교육시설 안전관리|지방공기업법|교육시설지원기관,,2026-06-11T17:32:56.054208,0,지역 주민|학생 및 학부모|교육청,
PRC_M2L6K0S5P2O7X1X4W4C3B0A7J6I5E0,공익신고장려기금법안,조인철의원 등 13인,,,2026-05-29,,http://likms.assembly.go.kr/bill/billDetail.do?billId=PRC_M2L6K0S5P2O7X1X4W4C3B0A7J6I5E0&ageFrom=22&ageTo=22,"공익신고 포상금 재원을 안정적으로 확보하기 위해 '공익신고장려기금'을 설치하는 법안입니다. 개별적으로 운영되던 포상금 제도를 통합 관리하여, 불법행위 신고에 대한 보상을 체계화하고 공익신고 활성화를 지원하고자 합니다.","개별 법령마다 흩어져 있던 포상금 재원을 '공익신고장려기금'으로 통합하여, 대규모 불법 적발 시에도 안정적인 포상금 지급이 가능하도록 재원 관리 체계를 일원화합니다.",positive,포상금 재원의 안정적 확보를 통해 공익신고자의 권익을 보호하고 사회적 부정부패 감시 기능을 강화할 수 있습니다.,공공·기업 고위직|법률·행정 전문직|경영·회계 관련 사무직|경영·금융 전문가 및 관련직,청년(19~34)|중장년(35~59)|노년(60+),취약계층|중소기업|대기업,서울|수도권|비수도권|농어촌|도심|지방중소도시,공익신고|포상금|기금 조성,,2026-06-11T17:34:02.115855,0,공익신고자|사회적 약자 및 시민,법령 위반 행위자 및 부정부패 관련 기업
PRC_A2Y6Z0Y5W1W5S1S7R2S9Q1Q5P9X1X5,정부기관 및 공공법인 등의 광고시행에 관한 법률 일부개정법률안,이기헌의원 등 11인,,문화체육관광위원회,2026-05-28,,http://likms.assembly.go.kr/bill/billDetail.do?billId=PRC_A2Y6Z0Y5W1W5S1S7R2S9Q1Q5P9X1X5&ageFrom=22&ageTo=22,"정부와 공공기관의 광고 집행을 투명하게 관리하기 위한 법안입니다. 광고 계획 제출과 내역 공개를 의무화하고, 가짜뉴스를 퍼뜨리는 매체에는 광고를 제한하며, 문화체육관광부의 감독 권한을 강화하여 국민 세금이 낭비되지 않도록 합니다.","정부광고 계획 및 집행 내역 공개를 의무화하고, 사회적 물의를 일으킨 매체에 대한 광고 제재와 정부의 관리·감독 기능을 강화합니다.",positive,광고 집행의 투명성을 높이고 가짜뉴스 확산을 방지하여 공익을 증진할 수 있습니다.,공공·기업 고위직|경영·회계 관련 사무직|법률·행정 전문직|정보통신 전문가 및 기술직,청년(19~34)|중장년(35~59)|노년(60+),중소기업,서울|수도권|비수도권,정부광고 투명성|가짜뉴스 규제|공공기관 책임성,,2026-06-11T17:35:09.496129,0,일반 시민|신뢰도 높은 언론 및 매체,가짜뉴스를 유포하는 미디어 매체|광고 집행 절차 준수 부담이 커진 공공기관 담당자
PRC_O2P6N0M4M0K7L1T4U3S8S3Q6P0Q9X1,신에너지 및 재생에너지 개발·이용·보급 촉진법 일부개정법률안,임종득의원 등 11인,,기후에너지환경노동위원회,2026-05-28,,http://likms.assembly.go.kr/bill/billDetail.do?billId=PRC_O2P6N0M4M0K7L1T4U3S8S3Q6P0Q9X1&ageFrom=22&ageTo=22,"오래된 풍력·태양광 발전 설비의 안전을 위해 정밀 점검을 의무화하고, 노후 설비를 교체할 때 국가가 비용 등을 지원하여 사고를 예방하려는 법안입니다.","노후 재생에너지 설비에 대한 정밀 안전진단을 실시하도록 하고, 노후 설비 교체 시 정부의 행정적·재정적 지원 근거를 마련합니다.",positive,"재생에너지 설비의 안전성을 높여 사고 위험을 줄이고, 사업자의 노후 설비 교체 비용 부담을 완화할 수 있습니다.",공공·기업 고위직|공학 전문가 및 기술직|전기·전자 관련 기능직,청년(19~34)|중장년(35~59)|노년(60+),중소기업|대기업,비수도권|농어촌|지방중소도시,재생에너지 안전관리|노후 설비 교체|정밀안전진단,,2026-06-11T17:36:20.301708,0,재생에너지 발전사업자|발전소 인근 지역 주민,
PRC_U2A6Z0Y5H2G2N1M3M3K1F3E3D9L7T5,유엔참전용사의 명예선양 등에 관한 법률 일부개정법률안,정희용의원 등 11인,,정무위원회,2026-05-28,,http://likms.assembly.go.kr/bill/billDetail.do?billId=PRC_U2A6Z0Y5H2G2N1M3M3K1F3E3D9L7T5&ageFrom=22&ageTo=22,"6·25 전쟁 당시 대한민국을 도와준 유엔군 참전용사들의 공헌을 기리기 위해, 각 국가의 첫 참전일을 기념하고 그 후손들에게 장학금을 주는 법적 근거를 마련하며 관련 교육 자료를 만드는 내용입니다.","유엔군 참전국의 최초 참전일 기념을 명시하고, 참전용사 후손에 대한 장학금 지급 및 디지털 교육 콘텐츠 개발의 법적 근거를 구체화합니다.",positive,"유엔군 참전용사 후손에 대한 지원 근거를 명확히 하고, 참전 역사를 알리는 교육 기반을 마련하여 국가적 예우를 강화합니다.",교육 전문가 및 관련직|행정·경영지원 관리직,아동(0~12)|청소년(13~18)|청년(19~34),학부모,,유엔군 참전용사|장학금 지원|참전 기념,,2026-06-11T17:37:26.456986,0,유엔군 참전용사의 후손(손자녀),
PRC_Z2H6I0G3H0F3G1E0E0M2N1L7J2K5J3,언론중재 및 피해구제 등에 관한 법률 일부개정법률안,노종면의원 등 24인,,문화체육관광위원회,2026-05-27,,http://likms.assembly.go.kr/bill/billDetail.do?billId=PRC_Z2H6I0G3H0F3G1E0E0M2N1L7J2K5J3&ageFrom=22&ageTo=22,"가짜 뉴스와 조작된 보도로 인한 피해를 막기 위해, 허위보도에 대한 정정보도 방식을 강화하고 손해배상액을 명확히 하며, 반복적인 허위보도에는 과징금을 부과하는 법안입니다.","허위·조작 보도의 정의를 정비하고, 피해 구제를 위해 법원이 정정보도의 내용과 크기를 결정할 수 있게 하며, 입증이 어려운 손해에 대해 최대 5천만 원의 법정손해액을 적용합니다.",mixed,"언론 피해자의 권리 구제는 강화되나, 언론사의 보도 책임과 규제 부담은 커집니다.",법률·행정 전문직|정보통신 전문가 및 기술직,아동(0~12)|청소년(13~18)|청년(19~34)|중장년(35~59)|노년(60+),취약계층|대기업,서울|수도권|비수도권|농어촌|도심|지방중소도시,허위조작보도|정정보도|법정손해액,,2026-06-11T17:38:40.269126,0,언론 피해자|일반 시민,언론사|인터넷신문사업자|인터넷뉴스서비스사업자
PRC_D2P6P0L5V2U0Q1N7M4L1K4T8A8Z2Y9,학교안전사고 예방 및 보상에 관한 법률 일부개정법률안,김용태의원 등 10인,,교육위원회,2026-05-27,,http://likms.assembly.go.kr/bill/billDetail.do?billId=PRC_D2P6P0L5V2U0Q1N7M4L1K4T8A8Z2Y9&ageFrom=22&ageTo=22,"수학여행이나 현장체험학습 등 학교 밖 활동 중 발생하는 안전사고에 대해 교사의 법적 분쟁을 지원하고, 과도한 행정 업무를 줄여주는 '학교 밖 교육활동 지원센터' 설치를 추진하는 내용입니다.",교육청에 '학교 밖 교육활동 지원센터'를 신설하여 교원의 안전사고 관련 법률 지원을 강화하고 행정 업무 부담을 경감합니다.,positive,교사의 법적 분쟁 대응력을 높이고 행정 업무를 줄여 학교 밖 교육활동의 안정성을 확보할 수 있습니다.,교육 전문가 및 관련직|법률·행정 전문직,아동(0~12)|청소년(13~18),학부모,수도권|비수도권|농어촌|도심|지방중소도시,학교 밖 교육활동|안전사고 지원|교원 행정 경감,,2026-06-11T17:39:40.960871,0,교원 및 학교 관계자|학생,
PRC_L2U6T0G5D1C9K1J7J5D3C2B9I8R7Q4,공직선거법 일부개정법률안,김예지의원 등 10인,,행정안전위원회,2026-05-27,,http://likms.assembly.go.kr/bill/billDetail.do?billId=PRC_L2U6T0G5D1C9K1J7J5D3C2B9I8R7Q4&ageFrom=22&ageTo=22,"시각장애인이 선거 정보를 차별 없이 얻을 수 있도록, 모든 선거 후보자에게 점자 공보물 제출을 의무화하고 디지털 정보가 담긴 USB를 함께 발송하도록 하는 법안입니다.","모든 선거의 후보자에게 점자형 선거공보 제출을 의무화하고, 시각장애인 유권자에게 디지털 파일이 담긴 USB를 선거공보와 함께 발송하도록 규정합니다.",positive,시각장애인의 선거 정보 접근성을 높여 실질적인 참정권을 보장하고 정보 격차를 해소합니다.,법률·행정 전문직|기타 사무직,,장애인|취약계층,,시각장애인|선거정보 접근권|점자공보물,,2026-06-11T17:40:46.053926,0,시각장애인 유권자,선거 후보자|선거관리위원회
PRC_H2G6F0M5L2J4J1V1P5O4N5U6T8S0A9,국가데이터기본법안,조승래의원 등 11인,,재정경제기획위원회,2026-05-27,,http://likms.assembly.go.kr/bill/billDetail.do?billId=PRC_H2G6F0M5L2J4J1V1P5O4N5U6T8S0A9&ageFrom=22&ageTo=22,흩어져 있는 공공과 민간의 핵심 데이터를 하나로 연결하여 국가 차원에서 통합 관리하고 활용할 수 있는 법적 기반을 만드는 법안입니다. 이를 통해 데이터 경제를 활성화하고 인공지능 시대에 필요한 고품질 데이터를 확보하고자 합니다.,"분산된 공공·민간 데이터를 연계·결합하기 위해 국가데이터처와 위원회를 설치하고, 통합 활용을 위한 플랫폼과 이용센터를 구축합니다.",positive,데이터의 통합적 활용이 가능해져 AI 산업 발전과 효율적인 정책 수립에 기여할 것입니다.,공공·기업 고위직|과학 전문가 및 관련직|정보통신 전문가 및 기술직|공학 전문가 및 기술직|경영·금융 전문가 및 관련직,청년(19~34)|중장년(35~59),중소기업|대기업,수도권|비수도권,국가데이터|데이터경제|인공지능,,2026-06-11T17:41:55.183434,0,IT 및 데이터 산업 종사자|AI 기술 개발 기업|정부 및 공공기관,개인정보 유출을 우려하는 시민|데이터 제공 요청을 받을 수 있는 민간 기업
PRC_O2M6L0T5Q2P7Y0U9U2A6A5Z4H0E4D8,관광진흥법 일부개정법률안,김소희의원 등 12인,,문화체육관광위원회,2026-05-27,,http://likms.assembly.go.kr/bill/billDetail.do?billId=PRC_O2M6L0T5Q2P7Y0U9U2A6A5Z4H0E4D8&ageFrom=22&ageTo=22,"한옥체험업이나 외국인 관광 도시민박업이 주거 지역에 늘어나면서 발생하는 소음, 쓰레기 등 주민 생활 불편을 줄이기 위해, 지자체가 조례로 추가적인 등록 기준을 정할 수 있도록 하는 법안입니다.",지자체가 지역 특성에 따라 한옥체험업 및 외국인 관광 도시민박업의 등록 요건을 조례로 강화할 수 있는 근거를 마련합니다.,mixed,"주거 지역 주민의 생활 환경은 보호받을 수 있으나, 관련 사업자에게는 새로운 규제로 작용할 수 있습니다.",판매·고객서비스 관리직|운송·여가 서비스직|조리·음식 서비스직,청년(19~34)|중장년(35~59)|노년(60+),세입자|자가소유자|중소기업,서울|수도권|도심,한옥체험업|주거환경 보호|지자체 조류,,2026-06-11T17:42:58.024796,0,관광시설 인근 주거 지역 주민,한옥체험업 및 외국인 관광 도시민박업 사업자
PRC_X2X6W0U4V2R4P1O4N5V8U1T8R4S2Z9,정보통신공사업법 일부개정법률안,이정헌의원 등 11인,,과학기술정보방송통신위원회,2026-05-27,,http://likms.assembly.go.kr/bill/billDetail.do?billId=PRC_X2X6W0U4V2R4P1O4N5V8U1T8R4S2Z9&ageFrom=22&ageTo=22,"건물 설계 시 정보통신 전문가가 참여하도록 의무화하여, 스마트홈 해킹 방지 및 통신 설비의 안전성과 품질을 높이려는 법안입니다.","정보통신공사 설계도서를 전문 기술자가 작성하도록 규정하고, 이를 위반할 경우 벌칙을 부과하는 조항을 신설합니다.",positive,전문가 참여를 통해 통신 설비의 부실 설계를 막고 스마트홈 보안 사고를 예방하여 국민 안전을 강화할 수 있습니다.,정보통신 전문가 및 기술직|공학 전문가 및 기술직|건설·생산 관련 관리직|법률·행정 전문직,청년(19~34)|중장년(35~59)|노년(60+),자가소유자|세입자|중소기업|대기업,서울|수도권|비수도권|농어촌|도심|지방중소도시,정보통신공사|설계 의무화|스마트홈 보안|전문가 참여,,2026-06-11T17:44:05.624244,0,일반 시민(입주자)|정보통신 기술 전문가,설계 용역업자
PRC_P2Q6L0M1K1J6J1I8I1Q1Q5P3Q4O8O4,소프트웨어 진흥법 일부개정법률안,이정헌의원 등 11인,,과학기술정보방송통신위원회,2026-05-27,,http://likms.assembly.go.kr/bill/billDetail.do?billId=PRC_P2Q6L0M1K1J6J1I8I1Q1Q5P3Q4O8O4&ageFrom=22&ageTo=22,"대규모 공공 소프트웨어 사업에 역량 있는 대기업이 참여할 수 있도록 하여, 최근 발생한 행정망 장애와 같은 국가적 불편을 방지하고 시스템의 안정성을 높이려는 법안입니다.","상호출자제한기업집단 소속 회사가 대형 공공 소프트웨어 사업에 참여할 수 있는 길을 열고, 대기업의 예외적 참여 근거를 명확히 합니다.",mixed,"대기업에는 새로운 시장 기회가 생기지만, 중소 소프트웨어 기업은 기존의 보호 혜택이 줄어들 수 있습니다.",정보통신 전문가 및 기술직|공학 전문가 및 기술직|과학 전문가 및 관련직,,중소기업|대기업,,공공 소프트웨어|행정망 안정성|대기업 참여 확대,,2026-06-11T17:45:12.925887,0,대기업 소프트웨어 사업자,중소 소프트웨어 사업자
PRC_S2R6R0Z4Z2Y2W1H2F0G8F0F1U6V3T3,외국인투자 촉진법 일부개정법률안,이정헌의원 등 12인,,산업통상자원중소벤처기업위원회,2026-05-26,,http://likms.assembly.go.kr/bill/billDetail.do?billId=PRC_S2R6R0Z4Z2Y2W1H2F0G8F0F1U6V3T3&ageFrom=22&ageTo=22,"국가 안보와 핵심 기술을 보호하기 위해 외국인 투자를 더 체계적으로 심사하는 제도입니다. 경영권 확보 등 안보에 영향을 줄 수 있는 투자 범위를 넓히고, 전문적인 심사를 위한 위원회를 설치합니다.","외국인 투자 제한 대상을 실질적 경영권 취득까지 확대하고, 안보 심사를 전담할 전문 위원회 운영 근거를 마련합니다.",mixed,"국가 핵심 기술 보호와 경제 안보 강화에는 긍정적이나, 외국인 투자자에게는 규제 강화로 인한 부담이 될 수 있습니다.",공공·기업 고위직|법률·행정 전문직|경영·금융 전문가 및 관련직,,대기업|중소기업,,외국인투자|경제안보|핵심기술보호,,2026-06-11T17:46:09.561856,0,대한민국 정부 및 안보 관련 기관|국내 핵심 기술 보유 기업,해외 투자자|경영권 인수를 추진하는 외국계 자본
PRC_Q2P6X0X5V1W1U1V1T1U8C2A5B1Z0Z1,문화산업진흥 기본법 일부개정법률안,손솔의원 등 10인,,문화체육관광위원회,2026-05-26,,http://likms.assembly.go.kr/bill/billDetail.do?billId=PRC_Q2P6X0X5V1W1U1V1T1U8C2A5B1Z0Z1&ageFrom=22&ageTo=22,"K-콘텐츠 제작 현장의 노동 환경을 개선하기 위한 법안입니다. 국가와 지자체가 문화산업 종사자의 적정한 보수와 안전한 일터를 보장하도록 책무를 부여하고, 노·사·정이 함께 대화하는 '노사정협의체' 설치 근거를 마련하여 지속 가능한 산업 생태계를 구축하고자 합니다.",기존의 경제적 진흥 중심에서 벗어나 문화산업 종사자의 노동권 보호와 안전한 환경 조성을 위한 국가의 책무를 명시하고 노사정협의체 설치 근거를 신설합니다.,positive,문화산업 종사자의 권익과 안전한 작업 환경이 강화되어 산업 생태계의 지속 가능성이 높아집니다.,문화·예술·스포츠 전문가 및 관련직,청년(19~34)|중장년(35~59),중소기업|대기업,수도권|비수도권,K-콘텐츠|노동권 보호|노사정협의체|문화산업 종사자,,2026-06-11T17:47:14.369313,0,문화산업 제작 현장 종사자|K-콘텐츠 크리에이터,문화산업 사업자 (노동 환경 개선에 따른 비용 및 책임 부담 증가 가능성)
PRC_V2W6U0T5T1R1S1O1O1N7L2M4K3L5T0,콘텐츠산업 진흥법 일부개정법률안,손솔의원 등 10인,,문화체육관광위원회,2026-05-26,,http://likms.assembly.go.kr/bill/billDetail.do?billId=PRC_V2W6U0T5T1R1S1O1O1N7L2M4K3L5T0&ageFrom=22&ageTo=22,"콘텐츠 산업 종사자의 권익을 보호하기 위해 표준계약서 사용을 의무화하고, 작업 현장의 안전·보건 조치 의무를 부여하며, 임금 체불 및 계약 미사용 시 제재를 강화하는 법안입니다.","기존의 표준계약서 사용 권고를 의무로 격상시키고, 콘텐츠 사업자에게 종사자의 안전·보현 조치 의무와 위반 시 제재 규정을 신설합니다.",positive,"콘텐츠 산업 종사자의 노동 환경과 안전이 개선되지만, 사업자에게는 계약 및 안전 관리 준수 부담이 늘어납니다.",문화·예술·스포츠 전문가 및 관련직|정보통신 전문가 및 기술직|기타 기능직,청년(19~34)|중장년(35~59),취약계층|중소기업,서울|수도권,표준계약서 의무화|콘텐츠 종사자 보호|안전보건 조치 강화,,2026-06-11T17:48:11.341994,0,콘텐츠 제작자 및 프리랜서|콘텐츠 산업 종사자,콘텐츠 사업자 (계약 의무 및 안전 관리 책임 부담)
PRC_X2F6E0E5C1D5B1C7K0I8J0H5I5G2H2,산업재해보상보험법 일부개정법률안,곽상언의원 등 10인,,기후에너지환경노동위원회,2026-05-26,,http://likms.assembly.go.kr/bill/billDetail.do?billId=PRC_X2F6E0E5C1D5B1C7K0I8J0H5I5G2H2&ageFrom=22&ageTo=22,"산업재해 심사나 재심사 결과를 통지받을 때, 근로자가 행정소송 등 다음 단계의 구제 방법을 몰라서 권리를 놓치지 않도록 법적으로 반드시 안내하도록 의무를 강화하는 내용입니다.",근로복지공단과 재심사위원회가 결정 통지 시 이의신청 및 행정소송 제기 방법과 기간을 함께 안내하도록 법적 근거를 마련합니다.,positive,산업재해 근로자가 불복 절차를 명확히 인지하게 함으로써 알 권리를 보장하고 실질적인 권리 구제를 돕습니다.,건설·광업 관련 기능직|제조 관련 단순 노무직|운전·운송 관련직|기타 기능직|기계 제조 장치·기계 조작직,청년(19~34)|중장년(35~59)|노년(60+),취약계층|저소득층,,산업재해|권리구제|안내의무,,2026-06-11T17:49:20.902526,0,산업재해 피해 근로자|심사·재심사 청구인,
PRC_F2G6F0F5E1C5D1L7L0J9I5I0H9I4P7,기초연금법 일부개정법률안,곽상언의원 등 10인,,보건복지위원회,2026-05-26,,http://likms.assembly.go.kr/bill/billDetail.do?billId=PRC_F2G6F0F5E1C5D1L7L0J9I5I0H9I4P7&ageFrom=22&ageTo=22,"기초연금 지급 결정에 대해 이의를 신청했을 때, 그 결과와 함께 행정심판이나 소송을 제기할 수 있다는 안내를 의무적으로 받도록 법을 개정하는 내용입니다.","기초연금 이의신청 결과 통지 시, 행정심판 또는 행정소송 제기에 관한 사항과 기간 등을 함께 안내하도록 의무화합니다.",positive,기초연금 수급자 및 신청자가 자신의 권리를 보호받기 위한 불복 절차를 명확히 알 수 있게 되어 행정적 권익이 증진됩니다.,사회복지·종교 전문가 및 관련직|법률·행정 전문직,노년(60+),취약계층|저소득층,서울|수도권|비수도권|농어촌|도심|지방중소도시,기초연금|이의신청|알 권리|행정심판|행정소송,,2026-06-11T17:50:20.218201,0,기초연금 수급자 및 신청자|저소득층 노인,
PRC_C2D6B0B5K1I5I1H7I0G5O2O1N9O4M7,국민기초생활 보장법 일부개정법률안,곽상언의원 등 10인,,보건복지위원회,2026-05-26,,http://likms.assembly.go.kr/bill/billDetail.do?billId=PRC_C2D6B0B5K1I5I1H7I0G5O2O1N9O4M7&ageFrom=22&ageTo=22,"기초생활수급자나 급여 신청자가 이의신청 결과 통지를 받을 때, 행정심판이나 행정소송을 제기할 수 있다는 사실을 명확히 안내받을 수 있도록 법적 근거를 마련하는 내용입니다.",이의신청 결과 통지 시 행정심판 또는 행정소송 제기에 관한 사항을 함께 안내하도록 의무화합니다.,positive,행정 처분에 불복하는 시민들이 후속 구제 절차를 몰라서 권리를 포기하는 일을 방지할 수 있습니다.,사회복지·종교 전문가 및 관련직|법률·행정 전문직,청년(19~34)|중장년(35~59)|노년(60+),취약계층|저소득층|장애인,도심|농어촌|지방중소도시,이의신청|행정심판|권리구제,,2026-06-11T17:51:25.295464,0,기초생활수급자|급여 신청자,
PRC_V2W6V0V5T1C5C0A9B1Z6A2Y4U8V5T9,새마을금고법 일부개정법률안,이달희의원 등 10인,,행정안전위원회,2026-05-26,,http://likms.assembly.go.kr/bill/billDetail.do?billId=PRC_V2W6V0V5T1C5C0A9B1Z6A2Y4U8V5T9&ageFrom=22&ageTo=22,"신용협동조합(금고)의 투명성과 재무 안정성을 높이기 위해, 외부 전문가를 감사로 선임할 수 있게 하고 쌓아둔 적립금을 손실을 메우는 데 사용할 수 있도록 하는 법안입니다.","비회원인 외부 전문가의 상근감사 선임을 허용하고, 법정적립금의 사용 범위를 대손금 상각에서 손실금 보전까지 확대합니다.",positive,"외부 감사의 독립성을 확보하여 회계 투명성을 높이고, 적립금 활용을 통해 금고 운영의 재무 건전성을 강화할 수 있습니다.",법률·감사 사무직|경영·금융 전문가 및 관련직|경영·회계 관련 사무직,중장년(35~59)|노년(60+),중소기업,비수도권|농어촌|지방중소도시,상근감사|법정적립금|재무건전성|외부전문가,,2026-06-11T17:52:28.993598,0,신용협동조합 회원 및 이용자|금융·회계 전문가,
PRC_T2R6S0R5R1P1Q1M1K2L0J1J9I6J4Q7,예술인의 지위와 권리의 보장에 관한 법률 일부개정법률안,손솔의원 등 10인,,문화체육관광위원회,2026-05-26,,http://likms.assembly.go.kr/bill/billDetail.do?billId=PRC_T2R6S0R5R1P1Q1M1K2L0J1J9I6J4Q7&ageFrom=22&ageTo=22,"예술인이 '위장 프리랜서' 계약을 통해 근로기준법 등 노동법의 보호를 받지 못하는 문제를 막고, 예술인보호관 제도를 강화하여 예술인의 권리를 실질적으로 지켜주려는 법안입니다.","더 유리한 법률 적용이 가능하도록 우선순위를 조정하고, 근로계약 회피 목적의 위장 프리랜서 계약을 불공정행위로 명시하며, 예술인보호관의 전담화를 추진합니다.",positive,예술인의 노동권 보호를 강화하고 권리 침해에 대한 실질적인 구제 기능을 높입니다.,문화·예술·스포츠 전문가 및 관련직,,취약계층|중소기업,,예술인 권리 보호|위장 프리랜서 방지|예술인보호관 강화,,2026-06-11T17:53:28.033161,0,예술인|프리랜서 예술가,예술사업자|OTT 플랫폼 및 외주 제작사
PRC_G2M6L0K5H2G2D1L2K3T1R3M3L9K4T1,5·18민주화운동 등에 관한 특별법 일부개정법률안,한민수의원 등 12인,,법제사법위원회,2026-05-26,,http://likms.assembly.go.kr/bill/billDetail.do?billId=PRC_G2M6L0K5H2G2D1L2K3T1R3M3L9K4T1&ageFrom=22&ageTo=22,"5·18 민주화운동의 역사적 의미를 왜곡하거나 희생자와 유가족에 대한 명예훼손, 모욕, 비방 행위를 금지하고 처벌을 강화하는 법안입니다.","기존의 허위사실 유포 금지를 넘어 희생자 및 유가족에 대한 명예훼손, 모욕, 비방 행위까지 처벌 범위를 확대하고 처벌 수위를 높입니다.",positive,5·18 민주화운동의 역사적 가치를 보호하고 희생자와 유가족에 대한 2차 가해를 방지할 수 있습니다.,문화·예술·스포츠 전문가 및 관련직|법률·행정 전문직,,,,5·18 민주화운동|명예훼손|역사 왜곡 방지|처벌 강화,,2026-06-11T17:54:28.668189,0,5·18 민주화운동 희생자 및 유가족,허위사실 유포 및 비방 행위자
PRC_N2V6U0E5E2A2X1W4E0D4A0J3G6G1D5,교원의 지위 향상 및 교육활동 보호를 위한 특별법 일부개정법률안,김선교의원 등 10인,,교육위원회,2026-05-22,,http://likms.assembly.go.kr/bill/billDetail.do?billId=PRC_N2V6U0E5E2A2X1W4E0D4A0J3G6G1D5&ageFrom=22&ageTo=22,"교사가 정당한 교육 활동 중 법적 분쟁에 휘말렸을 때, 교육청이 소송을 지원하고 교사 개인에게 책임을 묻는 구상권 행사를 금지하여 교사의 권익을 보호하는 내용입니다.","관할청의 민·형사 소송 지원 근거를 마련하고, 정당한 교육활동 관련 분쟁 시 교육감의 교사에 대한 구상권 행사를 제한합니다.",positive,교사의 법적·경제적 부담을 완화하여 안정적인 교육 환경을 조성할 수 있습니다.,교육 전문가 및 관련직|법률·행정 전문직,아동(0~12)|청소년(13~18),학부모,서울|수도권|비수도권|농어촌|도심|지방중소도시,교권 보호|소송 지원|구상권 금지,,2026-06-11T17:55:55.851977,0,교원,
